trip_id,arrival_time,departure_time,stop_id,stop_sequence,stop_headsign,pickup_type,drop_off_type,continuous_pickup,continuous_drop_off,shape_dist_traveled,timepoint
pacifico_belen_05:15,05:15:00,05:15:00,EPA,1,Estación del Pacífico a Belén,0,,,,,1
pacifico_belen_05:15,05:18:00,05:18:00,BCU,2,Estación del Pacífico a Belén,0,,,,,1
pacifico_belen_05:15,05:22:00,05:22:00,CON,3,Estación del Pacífico a Belén,0,,,,,1
pacifico_belen_05:15,05:25:00,05:25:00,SLL,4,Estación del Pacífico a Belén,0,,,,,1
pacifico_belen_05:15,05:29:00,05:29:00,AYA,5,Estación del Pacífico a Belén,0,,,,,1
pacifico_belen_05:15,05:31:00,05:31:00,JCK,6,Estación del Pacífico a Belén,0,,,,,1
pacifico_belen_05:15,05:34:00,05:34:00,PAV,7,Estación del Pacífico a Belén,0,,,,,1
pacifico_belen_05:15,05:37:00,05:37:00,PEC,8,Estación del Pacífico a Belén,0,,,,,1
pacifico_belen_05:15,05:39:00,05:39:00,DEM,9,Estación del Pacífico a Belén,0,,,,,1
pacifico_belen_05:15,05:42:00,05:42:00,MET,10,Estación del Pacífico a Belén,0,,,,,1
pacifico_belen_05:15,05:55:00,05:55:00,PED,11,Estación del Pacífico a Belén,0,,,,,1
pacifico_belen_05:15,05:59:00,05:59:00,BEL,12,Estación del Pacífico a Belén,0,,,,,1
atlantico_belen_06:23,06:23:00,06:23:00,ATL,1,Estación del Atlántico a Belén,0,,,,,1
atlantico_belen_06:23,06:28:00,06:28:00,LCO,2,Estación del Atlántico a Belén,0,,,,,1
atlantico_belen_06:23,06:32:00,06:32:00,PVI,3,Estación del Atlántico a Belén,0,,,,,1
atlantico_belen_06:23,06:35:00,06:35:00,EPA,4,Estación del Atlántico a Belén,0,,,,,1
atlantico_belen_06:23,06:38:00,06:38:00,BCU,5,Estación del Atlántico a Belén,0,,,,,1
atlantico_belen_06:23,06:42:00,06:42:00,CON,6,Estación del Atlántico a Belén,0,,,,,1
atlantico_belen_06:23,06:45:00,06:45:00,SLL,7,Estación del Atlántico a Belén,0,,,,,1
atlantico_belen_06:23,06:49:00,06:49:00,AYA,8,Estación del Atlántico a Belén,0,,,,,1
atlantico_belen_06:23,06:51:00,06:51:00,JCK,9,Estación del Atlántico a Belén,0,,,,,1
atlantico_belen_06:23,06:54:00,06:54:00,PAV,10,Estación del Atlántico a Belén,0,,,,,1
atlantico_belen_06:23,06:57:00,06:57:00,PEC,11,Estación del Atlántico a Belén,0,,,,,1
atlantico_belen_06:23,06:59:00,06:59:00,DEM,12,Estación del Atlántico a Belén,0,,,,,1
atlantico_belen_06:23,07:02:00,07:02:00,MET,13,Estación del Atlántico a Belén,0,,,,,1
atlantico_belen_06:23,07:15:00,07:15:00,PED,14,Estación del Atlántico a Belén,0,,,,,1
atlantico_belen_06:23,07:19:00,07:19:00,BEL,15,Estación del Atlántico a Belén,0,,,,,1
pacifico_belen_06:55,06:55:00,06:55:00,EPA,1,Estación del Pacífico a Belén,0,,,,,1
pacifico_belen_06:55,06:58:00,06:58:00,BCU,2,Estación del Pacífico a Belén,0,,,,,1
pacifico_belen_06:55,07:02:00,07:02:00,CON,3,Estación del Pacífico a Belén,0,,,,,1
pacifico_belen_06:55,07:05:00,07:05:00,SLL,4,Estación del Pacífico a Belén,0,,,,,1
pacifico_belen_06:55,07:09:00,07:09:00,AYA,5,Estación del Pacífico a Belén,0,,,,,1
pacifico_belen_06:55,07:11:00,07:11:00,JCK,6,Estación del Pacífico a Belén,0,,,,,1
pacifico_belen_06:55,07:14:00,07:14:00,PAV,7,Estación del Pacífico a Belén,0,,,,,1
pacifico_belen_06:55,07:17:00,07:17:00,PEC,8,Estación del Pacífico a Belén,0,,,,,1
pacifico_belen_06:55,07:19:00,07:19:00,DEM,9,Estación del Pacífico a Belén,0,,,,,1
pacifico_belen_06:55,07:22:00,07:22:00,MET,10,Estación del Pacífico a Belén,0,,,,,1
pacifico_belen_06:55,07:42:00,07:42:00,PED,11,Estación del Pacífico a Belén,0,,,,,1
pacifico_belen_06:55,07:46:00,07:46:00,BEL,12,Estación del Pacífico a Belén,0,,,,,1
cfia_metropoli_06:37,06:37:00,06:37:00,CFI,1,Curridabat a Metrópoli,0,,,,,1
cfia_metropoli_06:37,06:41:00,06:41:00,ULT,2,Curridabat a Metrópoli,0,,,,,1
cfia_metropoli_06:37,06:45:00,06:45:00,UCR,3,Curridabat a Metrópoli,0,,,,,1
cfia_metropoli_06:37,07:01:00,07:01:00,ATL,4,Curridabat a Metrópoli,0,,,,,1
cfia_metropoli_06:37,07:06:00,07:06:00,LCO,5,Curridabat a Metrópoli,0,,,,,1
cfia_metropoli_06:37,07:10:00,07:10:00,PVI,6,Curridabat a Metrópoli,0,,,,,1
cfia_metropoli_06:37,07:15:00,07:15:00,EPA,7,Curridabat a Metrópoli,0,,,,,1
cfia_metropoli_06:37,07:18:00,07:18:00,BCU,8,Curridabat a Metrópoli,0,,,,,1
cfia_metropoli_06:37,07:22:00,07:22:00,CON,9,Curridabat a Metrópoli,0,,,,,1
cfia_metropoli_06:37,07:25:00,07:25:00,SLL,10,Curridabat a Metrópoli,0,,,,,1
cfia_metropoli_06:37,07:29:00,07:29:00,AYA,11,Curridabat a Metrópoli,0,,,,,1
cfia_metropoli_06:37,07:31:00,07:31:00,JCK,12,Curridabat a Metrópoli,0,,,,,1
cfia_metropoli_06:37,07:34:00,07:34:00,PAV,13,Curridabat a Metrópoli,0,,,,,1
cfia_metropoli_06:37,07:37:00,07:37:00,PEC,14,Curridabat a Metrópoli,0,,,,,1
cfia_metropoli_06:37,07:39:00,07:39:00,DEM,15,Curridabat a Metrópoli,0,,,,,1
cfia_metropoli_06:37,07:42:00,07:42:00,MET,16,Curridabat a Metrópoli,0,,,,,1
pacifico_belen_15:15,15:15:00,15:15:00,EPA,1,Estación del Pacífico a Belén,0,,,,,1
pacifico_belen_15:15,15:19:00,15:19:00,BCU,2,Estación del Pacífico a Belén,0,,,,,1
pacifico_belen_15:15,15:23:00,15:23:00,CON,3,Estación del Pacífico a Belén,0,,,,,1
pacifico_belen_15:15,15:26:00,15:26:00,SLL,4,Estación del Pacífico a Belén,0,,,,,1
pacifico_belen_15:15,15:30:00,15:30:00,AYA,5,Estación del Pacífico a Belén,0,,,,,1
pacifico_belen_15:15,15:33:00,15:33:00,JCK,6,Estación del Pacífico a Belén,0,,,,,1
pacifico_belen_15:15,15:37:00,15:37:00,PAV,7,Estación del Pacífico a Belén,0,,,,,1
pacifico_belen_15:15,15:41:00,15:41:00,PEC,8,Estación del Pacífico a Belén,0,,,,,1
pacifico_belen_15:15,15:44:00,15:44:00,DEM,9,Estación del Pacífico a Belén,0,,,,,1
pacifico_belen_15:15,15:47:00,15:47:00,MET,10,Estación del Pacífico a Belén,0,,,,,1
pacifico_belen_15:15,15:59:00,15:59:00,PED,11,Estación del Pacífico a Belén,0,,,,,1
pacifico_belen_15:15,16:03:00,16:03:00,BEL,12,Estación del Pacífico a Belén,0,,,,,1
pacifico_metropoli_15:25,15:25:00,15:25:00,EPA,1,Estación del Pacífico a Metrópoli,0,,,,,1
pacifico_metropoli_15:25,15:29:00,15:29:00,BCU,2,Estación del Pacífico a Metrópoli,0,,,,,1
pacifico_metropoli_15:25,15:33:00,15:33:00,CON,3,Estación del Pacífico a Metrópoli,0,,,,,1
pacifico_metropoli_15:25,15:36:00,15:36:00,SLL,4,Estación del Pacífico a Metrópoli,0,,,,,1
pacifico_metropoli_15:25,15:40:00,15:40:00,AYA,5,Estación del Pacífico a Metrópoli,0,,,,,1
pacifico_metropoli_15:25,15:43:00,15:43:00,JCK,6,Estación del Pacífico a Metrópoli,0,,,,,1
pacifico_metropoli_15:25,15:47:00,15:47:00,PAV,7,Estación del Pacífico a Metrópoli,0,,,,,1
pacifico_metropoli_15:25,15:51:00,15:51:00,PEC,8,Estación del Pacífico a Metrópoli,0,,,,,1
pacifico_metropoli_15:25,15:54:00,15:54:00,DEM,9,Estación del Pacífico a Metrópoli,0,,,,,1
pacifico_metropoli_15:25,15:57:00,15:57:00,MET,10,Estación del Pacífico a Metrópoli,0,,,,,1
pacifico_belen_15:55,15:55:00,15:55:00,EPA,1,Estación del Pacífico a Belén,0,,,,,1
pacifico_belen_15:55,15:59:00,15:59:00,BCU,2,Estación del Pacífico a Belén,0,,,,,1
pacifico_belen_15:55,16:03:00,16:03:00,CON,3,Estación del Pacífico a Belén,0,,,,,1
pacifico_belen_15:55,16:06:00,16:06:00,SLL,4,Estación del Pacífico a Belén,0,,,,,1
pacifico_belen_15:55,16:15:00,16:15:00,AYA,5,Estación del Pacífico a Belén,0,,,,,1
pacifico_belen_15:55,16:18:00,16:18:00,JCK,6,Estación del Pacífico a Belén,0,,,,,1
pacifico_belen_15:55,16:22:00,16:22:00,PAV,7,Estación del Pacífico a Belén,0,,,,,1
pacifico_belen_15:55,16:26:00,16:26:00,PEC,8,Estación del Pacífico a Belén,0,,,,,1
pacifico_belen_15:55,16:29:00,16:29:00,DEM,9,Estación del Pacífico a Belén,0,,,,,1
pacifico_belen_15:55,16:32:00,16:32:00,MET,10,Estación del Pacífico a Belén,0,,,,,1
pacifico_belen_15:55,16:44:00,16:44:00,PED,11,Estación del Pacífico a Belén,0,,,,,1
pacifico_belen_15:55,16:48:00,16:48:00,BEL,12,Estación del Pacífico a Belén,0,,,,,1
pacifico_metropoli_16:15,16:15:00,16:15:00,EPA,1,Estación del Pacífico a Metrópoli,0,,,,,1
pacifico_metropoli_16:15,16:19:00,16:19:00,BCU,2,Estación del Pacífico a Metrópoli,0,,,,,1
pacifico_metropoli_16:15,16:23:00,16:23:00,CON,3,Estación del Pacífico a Metrópoli,0,,,,,1
pacifico_metropoli_16:15,16:26:00,16:26:00,SLL,4,Estación del Pacífico a Metrópoli,0,,,,,1
pacifico_metropoli_16:15,16:31:00,16:31:00,AYA,5,Estación del Pacífico a Metrópoli,0,,,,,1
pacifico_metropoli_16:15,16:34:00,16:34:00,JCK,6,Estación del Pacífico a Metrópoli,0,,,,,1
pacifico_metropoli_16:15,16:38:00,16:38:00,PAV,7,Estación del Pacífico a Metrópoli,0,,,,,1
pacifico_metropoli_16:15,16:42:00,16:42:00,PEC,8,Estación del Pacífico a Metrópoli,0,,,,,1
pacifico_metropoli_16:15,16:45:00,16:45:00,DEM,9,Estación del Pacífico a Metrópoli,0,,,,,1
pacifico_metropoli_16:15,16:48:00,16:48:00,MET,10,Estación del Pacífico a Metrópoli,0,,,,,1
pacifico_belen_17:25,17:25:00,17:25:00,EPA,1,Estación del Pacífico a Belén,0,,,,,1
pacifico_belen_17:25,17:29:00,17:29:00,BCU,2,Estación del Pacífico a Belén,0,,,,,1
pacifico_belen_17:25,17:33:00,17:33:00,CON,3,Estación del Pacífico a Belén,0,,,,,1
pacifico_belen_17:25,17:36:00,17:36:00,SLL,4,Estación del Pacífico a Belén,0,,,,,1
pacifico_belen_17:25,17:40:00,17:40:00,AYA,5,Estación del Pacífico a Belén,0,,,,,1
pacifico_belen_17:25,17:43:00,17:43:00,JCK,6,Estación del Pacífico a Belén,0,,,,,1
pacifico_belen_17:25,17:47:00,17:47:00,PAV,7,Estación del Pacífico a Belén,0,,,,,1
pacifico_belen_17:25,17:51:00,17:51:00,PEC,8,Estación del Pacífico a Belén,0,,,,,1
pacifico_belen_17:25,17:54:00,17:54:00,DEM,9,Estación del Pacífico a Belén,0,,,,,1
pacifico_belen_17:25,17:57:00,17:57:00,MET,10,Estación del Pacífico a Belén,0,,,,,1
pacifico_belen_17:25,18:09:00,18:09:00,PED,11,Estación del Pacífico a Belén,0,,,,,1
pacifico_belen_17:25,18:13:00,18:13:00,BEL,12,Estación del Pacífico a Belén,0,,,,,1
pacifico_metropoli_17:50,17:50:00,17:50:00,EPA,1,Estación del Pacífico a Metrópoli,0,,,,,1
pacifico_metropoli_17:50,17:54:00,17:54:00,BCU,2,Estación del Pacífico a Metrópoli,0,,,,,1
pacifico_metropoli_17:50,17:58:00,17:58:00,CON,3,Estación del Pacífico a Metrópoli,0,,,,,1
pacifico_metropoli_17:50,18:01:00,18:01:00,SLL,4,Estación del Pacífico a Metrópoli,0,,,,,1
pacifico_metropoli_17:50,18:05:00,18:05:00,AYA,5,Estación del Pacífico a Metrópoli,0,,,,,1
pacifico_metropoli_17:50,18:08:00,18:08:00,JCK,6,Estación del Pacífico a Metrópoli,0,,,,,1
pacifico_metropoli_17:50,18:12:00,18:12:00,PAV,7,Estación del Pacífico a Metrópoli,0,,,,,1
pacifico_metropoli_17:50,18:16:00,18:16:00,PEC,8,Estación del Pacífico a Metrópoli,0,,,,,1
pacifico_metropoli_17:50,18:19:00,18:19:00,DEM,9,Estación del Pacífico a Metrópoli,0,,,,,1
pacifico_metropoli_17:50,18:22:00,18:22:00,MET,10,Estación del Pacífico a Metrópoli,0,,,,,1
belen_pacifico_06:05,06:05:00,06:05:00,BEL,1,Belén a Estación del Pacífico,0,,,,,1
belen_pacifico_06:05,06:09:00,06:09:00,PED,2,Belén a Estación del Pacífico,0,,,,,1
belen_pacifico_06:05,06:21:00,06:21:00,MET,3,Belén a Estación del Pacífico,0,,,,,1
belen_pacifico_06:05,06:24:00,06:24:00,DEM,4,Belén a Estación del Pacífico,0,,,,,1
belen_pacifico_06:05,06:26:00,06:26:00,PEC,5,Belén a Estación del Pacífico,0,,,,,1
belen_pacifico_06:05,06:29:00,06:29:00,PAV,6,Belén a Estación del Pacífico,0,,,,,1
belen_pacifico_06:05,06:32:00,06:32:00,JCK,7,Belén a Estación del Pacífico,0,,,,,1
belen_pacifico_06:05,06:34:00,06:34:00,AYA,8,Belén a Estación del Pacífico,0,,,,,1
belen_pacifico_06:05,06:38:00,06:38:00,SLL,9,Belén a Estación del Pacífico,0,,,,,1
belen_pacifico_06:05,06:42:00,06:42:00,CON,10,Belén a Estación del Pacífico,0,,,,,1
belen_pacifico_06:05,06:46:00,06:46:00,BCU,11,Belén a Estación del Pacífico,0,,,,,1
belen_pacifico_06:05,06:50:00,06:50:00,EPA,12,Belén a Estación del Pacífico,0,,,,,1
belen_pacifico_07:25,07:25:00,07:25:00,BEL,1,Belén a Estación del Pacífico,0,,,,,1
belen_pacifico_07:25,07:29:00,07:29:00,PED,2,Belén a Estación del Pacífico,0,,,,,1
belen_pacifico_07:25,07:42:00,07:42:00,MET,3,Belén a Estación del Pacífico,0,,,,,1
belen_pacifico_07:25,07:45:00,07:45:00,DEM,4,Belén a Estación del Pacífico,0,,,,,1
belen_pacifico_07:25,07:47:00,07:47:00,PEC,5,Belén a Estación del Pacífico,0,,,,,1
belen_pacifico_07:25,07:50:00,07:50:00,PAV,6,Belén a Estación del Pacífico,0,,,,,1
belen_pacifico_07:25,07:53:00,07:53:00,JCK,7,Belén a Estación del Pacífico,0,,,,,1
belen_pacifico_07:25,07:55:00,07:55:00,AYA,8,Belén a Estación del Pacífico,0,,,,,1
belen_pacifico_07:25,07:59:00,07:59:00,SLL,9,Belén a Estación del Pacífico,0,,,,,1
belen_pacifico_07:25,08:02:00,08:02:00,CON,10,Belén a Estación del Pacífico,0,,,,,1
belen_pacifico_07:25,08:06:00,08:06:00,BCU,11,Belén a Estación del Pacífico,0,,,,,1
belen_pacifico_07:25,08:10:00,08:10:00,EPA,12,Belén a Estación del Pacífico,0,,,,,1
metropoli_pacifico_08:01,08:01:00,08:01:00,MET,1,Metrópoli a Estación del Pacífico,0,,,,,1
metropoli_pacifico_08:01,08:04:00,08:04:00,DEM,2,Metrópoli a Estación del Pacífico,0,,,,,1
metropoli_pacifico_08:01,08:06:00,08:06:00,PEC,3,Metrópoli a Estación del Pacífico,0,,,,,1
metropoli_pacifico_08:01,08:09:00,08:09:00,PAV,4,Metrópoli a Estación del Pacífico,0,,,,,1
metropoli_pacifico_08:01,08:12:00,08:12:00,JCK,5,Metrópoli a Estación del Pacífico,0,,,,,1
metropoli_pacifico_08:01,08:14:00,08:14:00,AYA,6,Metrópoli a Estación del Pacífico,0,,,,,1
metropoli_pacifico_08:01,08:18:00,08:18:00,SLL,7,Metrópoli a Estación del Pacífico,0,,,,,1
metropoli_pacifico_08:01,08:21:00,08:21:00,CON,8,Metrópoli a Estación del Pacífico,0,,,,,1
metropoli_pacifico_08:01,08:25:00,08:25:00,BCU,9,Metrópoli a Estación del Pacífico,0,,,,,1
metropoli_pacifico_08:01,08:29:00,08:29:00,EPA,10,Metrópoli a Estación del Pacífico,0,,,,,1
belen_pacifico_07:55,07:55:00,07:55:00,BEL,1,Belén a Estación del Pacífico,0,,,,,1
belen_pacifico_07:55,07:59:00,07:59:00,PED,2,Belén a Estación del Pacífico,0,,,,,1
belen_pacifico_07:55,08:11:00,08:11:00,MET,3,Belén a Estación del Pacífico,0,,,,,1
belen_pacifico_07:55,08:14:00,08:14:00,DEM,4,Belén a Estación del Pacífico,0,,,,,1
belen_pacifico_07:55,08:16:00,08:16:00,PEC,5,Belén a Estación del Pacífico,0,,,,,1
belen_pacifico_07:55,08:19:00,08:19:00,PAV,6,Belén a Estación del Pacífico,0,,,,,1
belen_pacifico_07:55,08:22:00,08:22:00,JCK,7,Belén a Estación del Pacífico,0,,,,,1
belen_pacifico_07:55,08:24:00,08:24:00,AYA,8,Belén a Estación del Pacífico,0,,,,,1
belen_pacifico_07:55,08:28:00,08:28:00,SLL,9,Belén a Estación del Pacífico,0,,,,,1
belen_pacifico_07:55,08:31:00,08:31:00,CON,10,Belén a Estación del Pacífico,0,,,,,1
belen_pacifico_07:55,08:35:00,08:35:00,BCU,11,Belén a Estación del Pacífico,0,,,,,1
belen_pacifico_07:55,08:39:00,08:39:00,EPA,12,Belén a Estación del Pacífico,0,,,,,1
metropoli_cfia_16:01,16:01:00,16:01:00,MET,1,Metrópoli a Curridabat,0,,,,,1
metropoli_cfia_16:01,16:04:00,16:04:00,DEM,2,Metrópoli a Curridabat,0,,,,,1
metropoli_cfia_16:01,16:07:00,16:07:00,PEC,3,Metrópoli a Curridabat,0,,,,,1
metropoli_cfia_16:01,16:10:00,16:10:00,PAV,4,Metrópoli a Curridabat,0,,,,,1
metropoli_cfia_16:01,16:13:00,16:13:00,JCK,5,Metrópoli a Curridabat,0,,,,,1
metropoli_cfia_16:01,16:15:00,16:15:00,AYA,6,Metrópoli a Curridabat,0,,,,,1
metropoli_cfia_16:01,16:19:00,16:19:00,SLL,7,Metrópoli a Curridabat,0,,,,,1
metropoli_cfia_16:01,16:23:00,16:23:00,CON,8,Metrópoli a Curridabat,0,,,,,1
metropoli_cfia_16:01,16:27:00,16:27:00,BCU,9,Metrópoli a Curridabat,0,,,,,1
metropoli_cfia_16:01,16:31:00,16:31:00,EPA,10,Metrópoli a Curridabat,0,,,,,1
metropoli_cfia_16:01,16:34:00,16:34:00,PVI,11,Metrópoli a Curridabat,0,,,,,1
metropoli_cfia_16:01,16:38:00,16:38:00,LCO,12,Metrópoli a Curridabat,0,,,,,1
metropoli_cfia_16:01,17:01:00,17:01:00,ATL,13,Metrópoli a Curridabat,0,,,,,1
metropoli_cfia_16:01,17:06:00,17:06:00,UCR,14,Metrópoli a Curridabat,0,,,,,1
metropoli_cfia_16:01,17:09:00,17:09:00,ULT,15,Metrópoli a Curridabat,0,,,,,1
metropoli_cfia_16:01,17:11:00,17:11:00,CFI,16,Metrópoli a Curridabat,0,,,,,1
belen_pacifico_16:10,16:10:00,16:10:00,BEL,1,Belén a Estación del Pacífico,0,,,,,1
belen_pacifico_16:10,16:14:00,16:14:00,PED,2,Belén a Estación del Pacífico,0,,,,,1
belen_pacifico_16:10,16:32:00,16:32:00,MET,3,Belén a Estación del Pacífico,0,,,,,1
belen_pacifico_16:10,16:35:00,16:35:00,DEM,4,Belén a Estación del Pacífico,0,,,,,1
belen_pacifico_16:10,16:42:00,16:42:00,PEC,5,Belén a Estación del Pacífico,0,,,,,1
belen_pacifico_16:10,16:45:00,16:45:00,PAV,6,Belén a Estación del Pacífico,0,,,,,1
belen_pacifico_16:10,16:48:00,16:48:00,JCK,7,Belén a Estación del Pacífico,0,,,,,1
belen_pacifico_16:10,16:50:00,16:50:00,AYA,8,Belén a Estación del Pacífico,0,,,,,1
belen_pacifico_16:10,16:54:00,16:54:00,SLL,9,Belén a Estación del Pacífico,0,,,,,1
belen_pacifico_16:10,16:57:00,16:57:00,CON,10,Belén a Estación del Pacífico,0,,,,,1
belen_pacifico_16:10,17:01:00,17:01:00,BCU,11,Belén a Estación del Pacífico,0,,,,,1
belen_pacifico_16:10,17:05:00,17:05:00,EPA,12,Belén a Estación del Pacífico,0,,,,,1
metropoli_atlantico_16:53,16:53:00,16:53:00,MET,1,Metrópoli a Estación del Atlántico,0,,,,,1
metropoli_atlantico_16:53,16:56:00,16:56:00,DEM,2,Metrópoli a Estación del Atlántico,0,,,,,1
metropoli_atlantico_16:53,16:58:00,16:58:00,PEC,3,Metrópoli a Estación del Atlántico,0,,,,,1
metropoli_atlantico_16:53,17:01:00,17:01:00,PAV,4,Metrópoli a Estación del Atlántico,0,,,,,1
metropoli_atlantico_16:53,17:04:00,17:04:00,JCK,5,Metrópoli a Estación del Atlántico,0,,,,,1
metropoli_atlantico_16:53,17:06:00,17:06:00,AYA,6,Metrópoli a Estación del Atlántico,0,,,,,1
metropoli_atlantico_16:53,17:10:00,17:10:00,SLL,7,Metrópoli a Estación del Atlántico,0,,,,,1
metropoli_atlantico_16:53,17:13:00,17:13:00,CON,8,Metrópoli a Estación del Atlántico,0,,,,,1
metropoli_atlantico_16:53,17:17:00,17:17:00,BCU,9,Metrópoli a Estación del Atlántico,0,,,,,1
metropoli_atlantico_16:53,17:21:00,17:21:00,EPA,10,Metrópoli a Estación del Atlántico,0,,,,,1
metropoli_atlantico_16:53,17:24:00,17:24:00,PVI,11,Metrópoli a Estación del Atlántico,0,,,,,1
metropoli_atlantico_16:53,17:28:00,17:28:00,LCO,12,Metrópoli a Estación del Atlántico,0,,,,,1
metropoli_atlantico_16:53,17:33:00,17:33:00,ATL,13,Metrópoli a Estación del Atlántico,0,,,,,1
belen_pacifico_16:55,16:55:00,16:55:00,BEL,1,Belén a Estación del Pacífico,0,,,,,1
belen_pacifico_16:55,16:59:00,16:59:00,PED,2,Belén a Estación del Pacífico,0,,,,,1
belen_pacifico_16:55,17:11:00,17:11:00,MET,3,Belén a Estación del Pacífico,0,,,,,1
belen_pacifico_16:55,17:14:00,17:14:00,DEM,4,Belén a Estación del Pacífico,0,,,,,1
belen_pacifico_16:55,17:16:00,17:16:00,PEC,5,Belén a Estación del Pacífico,0,,,,,1
belen_pacifico_16:55,17:19:00,17:19:00,PAV,6,Belén a Estación del Pacífico,0,,,,,1
belen_pacifico_16:55,17:22:00,17:22:00,JCK,7,Belén a Estación del Pacífico,0,,,,,1
belen_pacifico_16:55,17:24:00,17:24:00,AYA,8,Belén a Estación del Pacífico,0,,,,,1
belen_pacifico_16:55,17:28:00,17:28:00,SLL,9,Belén a Estación del Pacífico,0,,,,,1
belen_pacifico_16:55,17:33:00,17:33:00,CON,10,Belén a Estación del Pacífico,0,,,,,1
belen_pacifico_16:55,17:37:00,17:37:00,BCU,11,Belén a Estación del Pacífico,0,,,,,1
belen_pacifico_16:55,17:41:00,17:41:00,EPA,12,Belén a Estación del Pacífico,0,,,,,1
metropoli_pacifico_18:30,18:30:00,18:30:00,MET,1,Metrópoli a Estación del Pacífico,0,,,,,1
metropoli_pacifico_18:30,18:33:00,18:33:00,DEM,2,Metrópoli a Estación del Pacífico,0,,,,,1
metropoli_pacifico_18:30,18:35:00,18:35:00,PEC,3,Metrópoli a Estación del Pacífico,0,,,,,1
metropoli_pacifico_18:30,18:38:00,18:38:00,PAV,4,Metrópoli a Estación del Pacífico,0,,,,,1
metropoli_pacifico_18:30,18:41:00,18:41:00,JCK,5,Metrópoli a Estación del Pacífico,0,,,,,1
metropoli_pacifico_18:30,18:43:00,18:43:00,AYA,6,Metrópoli a Estación del Pacífico,0,,,,,1
metropoli_pacifico_18:30,18:47:00,18:47:00,SLL,7,Metrópoli a Estación del Pacífico,0,,,,,1
metropoli_pacifico_18:30,18:50:00,18:50:00,CON,8,Metrópoli a Estación del Pacífico,0,,,,,1
metropoli_pacifico_18:30,18:54:00,18:54:00,BCU,9,Metrópoli a Estación del Pacífico,0,,,,,1
metropoli_pacifico_18:30,18:58:00,18:58:00,EPA,10,Metrópoli a Estación del Pacífico,0,,,,,1
belen_pacifico_18:30,18:30:00,18:30:00,BEL,1,Belén a Estación del Pacífico,0,,,,,1
belen_pacifico_18:30,18:34:00,18:34:00,PED,2,Belén a Estación del Pacífico,0,,,,,1
belen_pacifico_18:30,18:46:00,18:46:00,MET,3,Belén a Estación del Pacífico,0,,,,,1
belen_pacifico_18:30,18:49:00,18:49:00,DEM,4,Belén a Estación del Pacífico,0,,,,,1
belen_pacifico_18:30,18:51:00,18:51:00,PEC,5,Belén a Estación del Pacífico,0,,,,,1
belen_pacifico_18:30,18:54:00,18:54:00,PAV,6,Belén a Estación del Pacífico,0,,,,,1
belen_pacifico_18:30,18:57:00,18:57:00,JCK,7,Belén a Estación del Pacífico,0,,,,,1
belen_pacifico_18:30,18:59:00,18:59:00,AYA,8,Belén a Estación del Pacífico,0,,,,,1
belen_pacifico_18:30,19:03:00,19:03:00,SLL,9,Belén a Estación del Pacífico,0,,,,,1
belen_pacifico_18:30,19:06:00,19:06:00,CON,10,Belén a Estación del Pacífico,0,,,,,1
belen_pacifico_18:30,19:10:00,19:10:00,BCU,11,Belén a Estación del Pacífico,0,,,,,1
belen_pacifico_18:30,19:14:00,19:14:00,EPA,12,Belén a Estación del Pacífico,0,,,,,1
atlantico_angeles_06:01,06:01:00,06:01:00,ATL,1,Estación del Atlántico a Los Ángeles,0,,,,,1
atlantico_angeles_06:01,06:05:00,06:05:00,UCR,2,Estación del Atlántico a Los Ángeles,0,,,,,1
atlantico_angeles_06:01,06:07:00,06:07:00,ULT,3,Estación del Atlántico a Los Ángeles,0,,,,,1
atlantico_angeles_06:01,06:10:00,06:10:00,CFI,4,Estación del Atlántico a Los Ángeles,0,,,,,1
atlantico_angeles_06:01,06:16:00,06:16:00,UAC,5,Estación del Atlántico a Los Ángeles,0,,,,,1
atlantico_angeles_06:01,06:24:00,06:24:00,3RI,6,Estación del Atlántico a Los Ángeles,0,,,,,1
atlantico_angeles_06:01,06:42:00,06:42:00,CGO,7,Estación del Atlántico a Los Ángeles,0,,,,,1
atlantico_angeles_06:01,06:47:00,06:47:00,ANG,8,Estación del Atlántico a Los Ángeles,0,,,,,1
atlantico_angeles_06:35,06:35:00,06:35:00,ATL,1,Estación del Atlántico a Los Ángeles,0,,,,,1
atlantico_angeles_06:35,06:42:00,06:42:00,UCR,2,Estación del Atlántico a Los Ángeles,0,,,,,1
atlantico_angeles_06:35,06:44:00,06:44:00,ULT,3,Estación del Atlántico a Los Ángeles,0,,,,,1
atlantico_angeles_06:35,06:46:00,06:46:00,CFI,4,Estación del Atlántico a Los Ángeles,0,,,,,1
atlantico_angeles_06:35,06:55:00,06:55:00,UAC,5,Estación del Atlántico a Los Ángeles,0,,,,,1
atlantico_angeles_06:35,07:04:00,07:04:00,3RI,6,Estación del Atlántico a Los Ángeles,0,,,,,1
atlantico_angeles_06:35,07:28:00,07:28:00,CGO,7,Estación del Atlántico a Los Ángeles,0,,,,,1
atlantico_angeles_06:35,07:31:00,07:31:00,ANG,8,Estación del Atlántico a Los Ángeles,0,,,,,1
atlantico_cartago_07:20,07:20:00,07:20:00,ATL,1,Estación del Atlántico a Cartago,0,,,,,1
atlantico_cartago_07:20,07:25:00,07:25:00,UCR,2,Estación del Atlántico a Cartago,0,,,,,1
atlantico_cartago_07:20,07:27:00,07:27:00,ULT,3,Estación del Atlántico a Cartago,0,,,,,1
atlantico_cartago_07:20,07:29:00,07:29:00,CFI,4,Estación del Atlántico a Cartago,0,,,,,1
atlantico_cartago_07:20,07:36:00,07:36:00,UAC,5,Estación del Atlántico a Cartago,0,,,,,1
atlantico_cartago_07:20,07:45:00,07:45:00,3RI,6,Estación del Atlántico a Cartago,0,,,,,1
atlantico_cartago_07:20,08:08:00,08:08:00,CGO,7,Estación del Atlántico a Cartago,0,,,,,1
atlantico_cartago_08:05,08:05:00,08:05:00,ATL,1,Estación del Atlántico a Cartago,0,,,,,1
atlantico_cartago_08:05,08:10:00,08:10:00,UCR,2,Estación del Atlántico a Cartago,0,,,,,1
atlantico_cartago_08:05,08:12:00,08:12:00,ULT,3,Estación del Atlántico a Cartago,0,,,,,1
atlantico_cartago_08:05,08:17:00,08:17:00,CFI,4,Estación del Atlántico a Cartago,0,,,,,1
atlantico_cartago_08:05,08:22:00,08:22:00,UAC,5,Estación del Atlántico a Cartago,0,,,,,1
atlantico_cartago_08:05,08:34:00,08:34:00,3RI,6,Estación del Atlántico a Cartago,0,,,,,1
atlantico_cartago_08:05,08:56:00,08:56:00,CGO,7,Estación del Atlántico a Cartago,0,,,,,1
atlantico_cartago_15:01,15:01:00,15:01:00,ATL,1,Estación del Atlántico a Cartago,0,,,,,1
atlantico_cartago_15:01,15:05:00,15:05:00,UCR,2,Estación del Atlántico a Cartago,0,,,,,1
atlantico_cartago_15:01,15:07:00,15:07:00,ULT,3,Estación del Atlántico a Cartago,0,,,,,1
atlantico_cartago_15:01,15:10:00,15:10:00,CFI,4,Estación del Atlántico a Cartago,0,,,,,1
atlantico_cartago_15:01,15:15:00,15:15:00,UAC,5,Estación del Atlántico a Cartago,0,,,,,1
atlantico_cartago_15:01,15:23:00,15:23:00,3RI,6,Estación del Atlántico a Cartago,0,,,,,1
atlantico_cartago_15:01,15:45:00,15:45:00,CGO,7,Estación del Atlántico a Cartago,0,,,,,1
atlantico_oreamuno_15:35,15:35:00,15:35:00,ATL,1,Estación del Atlántico a Oreamuno,0,,,,,1
atlantico_oreamuno_15:35,15:39:00,15:39:00,UCR,2,Estación del Atlántico a Oreamuno,0,,,,,1
atlantico_oreamuno_15:35,15:42:00,15:42:00,ULT,3,Estación del Atlántico a Oreamuno,0,,,,,1
atlantico_oreamuno_15:35,15:44:00,15:44:00,CFI,4,Estación del Atlántico a Oreamuno,0,,,,,1
atlantico_oreamuno_15:35,15:49:00,15:49:00,UAC,5,Estación del Atlántico a Oreamuno,0,,,,,1
atlantico_oreamuno_15:35,15:57:00,15:57:00,3RI,6,Estación del Atlántico a Oreamuno,0,,,,,1
atlantico_oreamuno_15:35,16:20:00,16:20:00,CGO,7,Estación del Atlántico a Oreamuno,0,,,,,1
atlantico_oreamuno_15:35,16:23:00,16:23:00,ANG,8,Estación del Atlántico a Oreamuno,0,,,,,1
atlantico_oreamuno_15:35,16:25:00,16:25:00,ORE,9,Estación del Atlántico a Oreamuno,0,,,,,1
atlantico_cartago_16:10,16:10:00,16:10:00,ATL,1,Estación del Atlántico a Cartago,0,,,,,1
atlantico_cartago_16:10,16:14:00,16:14:00,UCR,2,Estación del Atlántico a Cartago,0,,,,,1
atlantico_cartago_16:10,16:16:00,16:16:00,ULT,3,Estación del Atlántico a Cartago,0,,,,,1
atlantico_cartago_16:10,16:19:00,16:19:00,CFI,4,Estación del Atlántico a Cartago,0,,,,,1
atlantico_cartago_16:10,16:28:00,16:28:00,UAC,5,Estación del Atlántico a Cartago,0,,,,,1
atlantico_cartago_16:10,16:36:00,16:36:00,3RI,6,Estación del Atlántico a Cartago,0,,,,,1
atlantico_cartago_16:10,17:02:00,17:02:00,CGO,7,Estación del Atlántico a Cartago,0,,,,,1
atlantico_oreamuno_16:45,16:45:00,16:45:00,ATL,1,Estación del Atlántico a Oreamuno,0,,,,,1
atlantico_oreamuno_16:45,16:49:00,16:49:00,UCR,2,Estación del Atlántico a Oreamuno,0,,,,,1
atlantico_oreamuno_16:45,16:52:00,16:52:00,ULT,3,Estación del Atlántico a Oreamuno,0,,,,,1
atlantico_oreamuno_16:45,16:54:00,16:54:00,CFI,4,Estación del Atlántico a Oreamuno,0,,,,,1
atlantico_oreamuno_16:45,16:59:00,16:59:00,UAC,5,Estación del Atlántico a Oreamuno,0,,,,,1
atlantico_oreamuno_16:45,17:07:00,17:07:00,3RI,6,Estación del Atlántico a Oreamuno,0,,,,,1
atlantico_oreamuno_16:45,17:33:00,17:33:00,CGO,7,Estación del Atlántico a Oreamuno,0,,,,,1
atlantico_oreamuno_16:45,17:36:00,17:36:00,ANG,8,Estación del Atlántico a Oreamuno,0,,,,,1
atlantico_oreamuno_16:45,17:38:00,17:38:00,ORE,9,Estación del Atlántico a Oreamuno,0,,,,,1
atlantico_paraiso_17:01,17:01:00,17:01:00,ATL,1,Estación del Atlántico a Plaza Paraíso,0,,,,,1
atlantico_paraiso_17:01,17:05:00,17:05:00,UCR,2,Estación del Atlántico a Plaza Paraíso,0,,,,,1
atlantico_paraiso_17:01,17:07:00,17:07:00,ULT,3,Estación del Atlántico a Plaza Paraíso,0,,,,,1
atlantico_paraiso_17:01,17:14:00,17:14:00,CFI,4,Estación del Atlántico a Plaza Paraíso,0,,,,,1
atlantico_paraiso_17:01,17:19:00,17:19:00,UAC,5,Estación del Atlántico a Plaza Paraíso,0,,,,,1
atlantico_paraiso_17:01,17:28:00,17:28:00,3RI,6,Estación del Atlántico a Plaza Paraíso,0,,,,,1
atlantico_paraiso_17:01,17:50:00,17:50:00,CGO,7,Estación del Atlántico a Plaza Paraíso,0,,,,,1
atlantico_paraiso_17:01,17:54:00,17:54:00,ANG,8,Estación del Atlántico a Plaza Paraíso,0,,,,,1
atlantico_paraiso_17:01,17:56:00,17:56:00,ORE,9,Estación del Atlántico a Plaza Paraíso,0,,,,,1
atlantico_paraiso_17:01,18:01:00,18:01:00,PPA,10,Estación del Atlántico a Plaza Paraíso,0,,,,,1
atlantico_paraiso_17:35,17:35:00,17:35:00,ATL,1,Estación del Atlántico a Plaza Paraíso,0,,,,,1
atlantico_paraiso_17:35,17:39:00,17:39:00,UCR,2,Estación del Atlántico a Plaza Paraíso,0,,,,,1
atlantico_paraiso_17:35,17:41:00,17:41:00,ULT,3,Estación del Atlántico a Plaza Paraíso,0,,,,,1
atlantico_paraiso_17:35,17:44:00,17:44:00,CFI,4,Estación del Atlántico a Plaza Paraíso,0,,,,,1
atlantico_paraiso_17:35,17:49:00,17:49:00,UAC,5,Estación del Atlántico a Plaza Paraíso,0,,,,,1
atlantico_paraiso_17:35,17:57:00,17:57:00,3RI,6,Estación del Atlántico a Plaza Paraíso,0,,,,,1
atlantico_paraiso_17:35,18:19:00,18:19:00,CGO,7,Estación del Atlántico a Plaza Paraíso,0,,,,,1
atlantico_paraiso_17:35,18:23:00,18:23:00,ANG,8,Estación del Atlántico a Plaza Paraíso,0,,,,,1
atlantico_paraiso_17:35,18:25:00,18:25:00,ORE,9,Estación del Atlántico a Plaza Paraíso,0,,,,,1
atlantico_paraiso_17:35,18:30:00,18:30:00,PPA,10,Estación del Atlántico a Plaza Paraíso,0,,,,,1
atlantico_oreamuno_18:05,18:05:00,18:05:00,ATL,1,Estación del Atlántico a Oreamuno,0,,,,,1
atlantico_oreamuno_18:05,18:09:00,18:09:00,UCR,2,Estación del Atlántico a Oreamuno,0,,,,,1
atlantico_oreamuno_18:05,18:11:00,18:11:00,ULT,3,Estación del Atlántico a Oreamuno,0,,,,,1
atlantico_oreamuno_18:05,18:14:00,18:14:00,CFI,4,Estación del Atlántico a Oreamuno,0,,,,,1
atlantico_oreamuno_18:05,18:19:00,18:19:00,UAC,5,Estación del Atlántico a Oreamuno,0,,,,,1
atlantico_oreamuno_18:05,18:27:00,18:27:00,3RI,6,Estación del Atlántico a Oreamuno,0,,,,,1
atlantico_oreamuno_18:05,18:49:00,18:49:00,CGO,7,Estación del Atlántico a Oreamuno,0,,,,,1
atlantico_oreamuno_18:05,18:53:00,18:53:00,ANG,8,Estación del Atlántico a Oreamuno,0,,,,,1
atlantico_oreamuno_18:05,18:55:00,18:55:00,ORE,9,Estación del Atlántico a Oreamuno,0,,,,,1
atlantico_cartago_18:45,18:45:00,18:45:00,ATL,1,Estación del Atlántico a Cartago,0,,,,,1
atlantico_cartago_18:45,18:50:00,18:50:00,UCR,2,Estación del Atlántico a Cartago,0,,,,,1
atlantico_cartago_18:45,18:52:00,18:52:00,ULT,3,Estación del Atlántico a Cartago,0,,,,,1
atlantico_cartago_18:45,18:54:00,18:54:00,CFI,4,Estación del Atlántico a Cartago,0,,,,,1
atlantico_cartago_18:45,18:59:00,18:59:00,UAC,5,Estación del Atlántico a Cartago,0,,,,,1
atlantico_cartago_18:45,19:14:00,19:14:00,3RI,6,Estación del Atlántico a Cartago,0,,,,,1
atlantico_cartago_18:45,19:36:00,19:36:00,CGO,7,Estación del Atlántico a Cartago,0,,,,,1
atlantico_cartago_19:15,19:15:00,19:15:00,ATL,1,Estación del Atlántico a Cartago,0,,,,,1
atlantico_cartago_19:15,19:19:00,19:19:00,UCR,2,Estación del Atlántico a Cartago,0,,,,,1
atlantico_cartago_19:15,19:21:00,19:21:00,ULT,3,Estación del Atlántico a Cartago,0,,,,,1
atlantico_cartago_19:15,19:27:00,19:27:00,CFI,4,Estación del Atlántico a Cartago,0,,,,,1
atlantico_cartago_19:15,19:32:00,19:32:00,UAC,5,Estación del Atlántico a Cartago,0,,,,,1
atlantico_cartago_19:15,19:41:00,19:41:00,3RI,6,Estación del Atlántico a Cartago,0,,,,,1
atlantico_cartago_19:15,20:03:00,20:03:00,CGO,7,Estación del Atlántico a Cartago,0,,,,,1
atlantico_cartago_19:40,19:40:00,19:40:00,ATL,1,Estación del Atlántico a Cartago,0,,,,,1
atlantico_cartago_19:40,19:44:00,19:44:00,UCR,2,Estación del Atlántico a Cartago,0,,,,,1
atlantico_cartago_19:40,19:47:00,19:47:00,ULT,3,Estación del Atlántico a Cartago,0,,,,,1
atlantico_cartago_19:40,19:49:00,19:49:00,CFI,4,Estación del Atlántico a Cartago,0,,,,,1
atlantico_cartago_19:40,19:54:00,19:54:00,UAC,5,Estación del Atlántico a Cartago,0,,,,,1
atlantico_cartago_19:40,20:02:00,20:02:00,3RI,6,Estación del Atlántico a Cartago,0,,,,,1
atlantico_cartago_19:40,20:25:00,20:25:00,CGO,7,Estación del Atlántico a Cartago,0,,,,,1
angeles_atlantico_05:25,05:25:00,05:25:00,ANG,1,Los Ángeles a Estación del Atlántico,0,,,,,1
angeles_atlantico_05:25,05:30:00,05:30:00,CGO,2,Los Ángeles a Estación del Atlántico,0,,,,,1
angeles_atlantico_05:25,05:53:00,05:53:00,3RI,3,Los Ángeles a Estación del Atlántico,0,,,,,1
angeles_atlantico_05:25,06:02:00,06:02:00,UAC,4,Los Ángeles a Estación del Atlántico,0,,,,,1
angeles_atlantico_05:25,06:10:00,06:10:00,CFI,5,Los Ángeles a Estación del Atlántico,0,,,,,1
angeles_atlantico_05:25,06:12:00,06:12:00,ULT,6,Los Ángeles a Estación del Atlántico,0,,,,,1
angeles_atlantico_05:25,06:14:00,06:14:00,UCR,7,Los Ángeles a Estación del Atlántico,0,,,,,1
angeles_atlantico_05:25,06:19:00,06:19:00,ATL,8,Los Ángeles a Estación del Atlántico,0,,,,,1
cartago_atlantico_06:01,06:01:00,06:01:00,CGO,1,Cartago a Estación del Atlántico,0,,,,,1
cartago_atlantico_06:01,06:24:00,06:24:00,3RI,2,Cartago a Estación del Atlántico,0,,,,,1
cartago_atlantico_06:01,06:33:00,06:33:00,UAC,3,Cartago a Estación del Atlántico,0,,,,,1
cartago_atlantico_06:01,06:38:00,06:38:00,CFI,4,Cartago a Estación del Atlántico,0,,,,,1
cartago_atlantico_06:01,06:40:00,06:40:00,ULT,5,Cartago a Estación del Atlántico,0,,,,,1
cartago_atlantico_06:01,06:42:00,06:42:00,UCR,6,Cartago a Estación del Atlántico,0,,,,,1
cartago_atlantico_06:01,06:47:00,06:47:00,ATL,7,Cartago a Estación del Atlántico,0,,,,,1
paraiso_atlantico_06:05,06:05:00,06:05:00,PPA,1,Plaza Paraíso a Estación del Atlántico,0,,,,,1
paraiso_atlantico_06:05,06:10:00,06:10:00,ORE,2,Plaza Paraíso a Estación del Atlántico,0,,,,,1
paraiso_atlantico_06:05,06:13:00,06:13:00,ANG,3,Plaza Paraíso a Estación del Atlántico,0,,,,,1
paraiso_atlantico_06:05,06:20:00,06:20:00,CGO,4,Plaza Paraíso a Estación del Atlántico,0,,,,,1
paraiso_atlantico_06:05,06:43:00,06:43:00,3RI,5,Plaza Paraíso a Estación del Atlántico,0,,,,,1
paraiso_atlantico_06:05,06:52:00,06:52:00,UAC,6,Plaza Paraíso a Estación del Atlántico,0,,,,,1
paraiso_atlantico_06:05,06:57:00,06:57:00,CFI,7,Plaza Paraíso a Estación del Atlántico,0,,,,,1
paraiso_atlantico_06:05,07:00:00,07:00:00,ULT,8,Plaza Paraíso a Estación del Atlántico,0,,,,,1
paraiso_atlantico_06:05,07:05:00,07:05:00,UCR,9,Plaza Paraíso a Estación del Atlántico,0,,,,,1
paraiso_atlantico_06:05,07:10:00,07:10:00,ATL,10,Plaza Paraíso a Estación del Atlántico,0,,,,,1
angeles_atlantico_06:55,06:55:00,06:55:00,ANG,1,Los Ángeles a Estación del Atlántico,0,,,,,1
angeles_atlantico_06:55,07:01:00,07:01:00,CGO,2,Los Ángeles a Estación del Atlántico,0,,,,,1
angeles_atlantico_06:55,07:24:00,07:24:00,3RI,3,Los Ángeles a Estación del Atlántico,0,,,,,1
angeles_atlantico_06:55,07:33:00,07:33:00,UAC,4,Los Ángeles a Estación del Atlántico,0,,,,,1
angeles_atlantico_06:55,07:38:00,07:38:00,CFI,5,Los Ángeles a Estación del Atlántico,0,,,,,1
angeles_atlantico_06:55,07:40:00,07:40:00,ULT,6,Los Ángeles a Estación del Atlántico,0,,,,,1
angeles_atlantico_06:55,07:43:00,07:43:00,UCR,7,Los Ángeles a Estación del Atlántico,0,,,,,1
angeles_atlantico_06:55,07:47:00,07:47:00,ATL,8,Los Ángeles a Estación del Atlántico,0,,,,,1
angeles_atlantico_07:35,07:35:00,07:35:00,ANG,1,Los Ángeles a Estación del Atlántico,0,,,,,1
angeles_atlantico_07:35,07:40:00,07:40:00,CGO,2,Los Ángeles a Estación del Atlántico,0,,,,,1
angeles_atlantico_07:35,08:03:00,08:03:00,3RI,3,Los Ángeles a Estación del Atlántico,0,,,,,1
angeles_atlantico_07:35,08:12:00,08:12:00,UAC,4,Los Ángeles a Estación del Atlántico,0,,,,,1
angeles_atlantico_07:35,08:17:00,08:17:00,CFI,5,Los Ángeles a Estación del Atlántico,0,,,,,1
angeles_atlantico_07:35,08:20:00,08:20:00,ULT,6,Los Ángeles a Estación del Atlántico,0,,,,,1
angeles_atlantico_07:35,08:22:00,08:22:00,UCR,7,Los Ángeles a Estación del Atlántico,0,,,,,1
angeles_atlantico_07:35,08:27:00,08:27:00,ATL,8,Los Ángeles a Estación del Atlántico,0,,,,,1
cartago_atlantico_08:11,08:11:00,08:11:00,CGO,1,Cartago a Estación del Atlántico,0,,,,,1
cartago_atlantico_08:11,08:34:00,08:34:00,3RI,2,Cartago a Estación del Atlántico,0,,,,,1
cartago_atlantico_08:11,08:43:00,08:43:00,UAC,3,Cartago a Estación del Atlántico,0,,,,,1
cartago_atlantico_08:11,08:48:00,08:48:00,CFI,4,Cartago a Estación del Atlántico,0,,,,,1
cartago_atlantico_08:11,08:50:00,08:50:00,ULT,5,Cartago a Estación del Atlántico,0,,,,,1
cartago_atlantico_08:11,08:52:00,08:52:00,UCR,6,Cartago a Estación del Atlántico,0,,,,,1
cartago_atlantico_08:11,08:57:00,08:57:00,ATL,7,Cartago a Estación del Atlántico,0,,,,,1
cartago_atlantico_09:01,09:01:00,09:01:00,CGO,1,Cartago a Estación del Atlántico,0,,,,,1
cartago_atlantico_09:01,09:24:00,09:24:00,3RI,2,Cartago a Estación del Atlántico,0,,,,,1
cartago_atlantico_09:01,09:33:00,09:33:00,UAC,3,Cartago a Estación del Atlántico,0,,,,,1
cartago_atlantico_09:01,09:38:00,09:38:00,CFI,4,Cartago a Estación del Atlántico,0,,,,,1
cartago_atlantico_09:01,09:40:00,09:40:00,ULT,5,Cartago a Estación del Atlántico,0,,,,,1
cartago_atlantico_09:01,09:43:00,09:43:00,UCR,6,Cartago a Estación del Atlántico,0,,,,,1
cartago_atlantico_09:01,09:47:00,09:47:00,ATL,7,Cartago a Estación del Atlántico,0,,,,,1
cartago_atlantico_15:50,15:50:00,15:50:00,CGO,1,Cartago a Estación del Atlántico,0,,,,,1
cartago_atlantico_15:50,16:15:00,16:15:00,3RI,2,Cartago a Estación del Atlántico,0,,,,,1
cartago_atlantico_15:50,16:24:00,16:24:00,UAC,3,Cartago a Estación del Atlántico,0,,,,,1
cartago_atlantico_15:50,16:29:00,16:29:00,CFI,4,Cartago a Estación del Atlántico,0,,,,,1
cartago_atlantico_15:50,16:31:00,16:31:00,ULT,5,Cartago a Estación del Atlántico,0,,,,,1
cartago_atlantico_15:50,16:34:00,16:34:00,UCR,6,Cartago a Estación del Atlántico,0,,,,,1
cartago_atlantico_15:50,16:38:00,16:38:00,ATL,7,Cartago a Estación del Atlántico,0,,,,,1
oreamuno_atlantico_16:28,16:28:00,16:28:00,ORE,1,Oreamuno a Estación del Atlántico,0,,,,,1
oreamuno_atlantico_16:28,16:31:00,16:31:00,ANG,2,Oreamuno a Estación del Atlántico,0,,,,,1
oreamuno_atlantico_16:28,16:36:00,16:36:00,CGO,3,Oreamuno a Estación del Atlántico,0,,,,,1
oreamuno_atlantico_16:28,16:58:00,16:58:00,3RI,4,Oreamuno a Estación del Atlántico,0,,,,,1
oreamuno_atlantico_16:28,17:09:00,17:09:00,UAC,5,Oreamuno a Estación del Atlántico,0,,,,,1
oreamuno_atlantico_16:28,17:14:00,17:14:00,CFI,6,Oreamuno a Estación del Atlántico,0,,,,,1
oreamuno_atlantico_16:28,17:16:00,17:16:00,ULT,7,Oreamuno a Estación del Atlántico,0,,,,,1
oreamuno_atlantico_16:28,17:19:00,17:19:00,UCR,8,Oreamuno a Estación del Atlántico,0,,,,,1
oreamuno_atlantico_16:28,17:23:00,17:23:00,ATL,9,Oreamuno a Estación del Atlántico,0,,,,,1
cartago_atlantico_17:05,17:05:00,17:05:00,CGO,1,Cartago a Estación del Atlántico,0,,,,,1
cartago_atlantico_17:05,17:28:00,17:28:00,3RI,2,Cartago a Estación del Atlántico,0,,,,,1
cartago_atlantico_17:05,17:37:00,17:37:00,UAC,3,Cartago a Estación del Atlántico,0,,,,,1
cartago_atlantico_17:05,17:44:00,17:44:00,CFI,4,Cartago a Estación del Atlántico,0,,,,,1
cartago_atlantico_17:05,17:46:00,17:46:00,ULT,5,Cartago a Estación del Atlántico,0,,,,,1
cartago_atlantico_17:05,17:48:00,17:48:00,UCR,6,Cartago a Estación del Atlántico,0,,,,,1
cartago_atlantico_17:05,17:53:00,17:53:00,ATL,7,Cartago a Estación del Atlántico,0,,,,,1
oreamuno_atlantico_17:40,17:40:00,17:40:00,ORE,1,Oreamuno a Estación del Atlántico,0,,,,,1
oreamuno_atlantico_17:40,17:43:00,17:43:00,ANG,2,Oreamuno a Estación del Atlántico,0,,,,,1
oreamuno_atlantico_17:40,17:50:00,17:50:00,CGO,3,Oreamuno a Estación del Atlántico,0,,,,,1
oreamuno_atlantico_17:40,18:15:00,18:15:00,3RI,4,Oreamuno a Estación del Atlántico,0,,,,,1
oreamuno_atlantico_17:40,18:28:00,18:28:00,UAC,5,Oreamuno a Estación del Atlántico,0,,,,,1
oreamuno_atlantico_17:40,18:33:00,18:33:00,CFI,6,Oreamuno a Estación del Atlántico,0,,,,,1
oreamuno_atlantico_17:40,18:35:00,18:35:00,ULT,7,Oreamuno a Estación del Atlántico,0,,,,,1
oreamuno_atlantico_17:40,18:38:00,18:38:00,UCR,8,Oreamuno a Estación del Atlántico,0,,,,,1
oreamuno_atlantico_17:40,18:42:00,18:42:00,ATL,9,Oreamuno a Estación del Atlántico,0,,,,,1
paraiso_atlantico_18:07,18:07:00,18:07:00,PPA,1,Plaza Paraíso a Estación del Atlántico,0,,,,,1
paraiso_atlantico_18:07,18:13:00,18:13:00,ORE,2,Plaza Paraíso a Estación del Atlántico,0,,,,,1
paraiso_atlantico_18:07,18:15:00,18:15:00,ANG,3,Plaza Paraíso a Estación del Atlántico,0,,,,,1
paraiso_atlantico_18:07,18:22:00,18:22:00,CGO,4,Plaza Paraíso a Estación del Atlántico,0,,,,,1
paraiso_atlantico_18:07,18:45:00,18:45:00,3RI,5,Plaza Paraíso a Estación del Atlántico,0,,,,,1
paraiso_atlantico_18:07,18:54:00,18:54:00,UAC,6,Plaza Paraíso a Estación del Atlántico,0,,,,,1
paraiso_atlantico_18:07,19:00:00,19:00:00,CFI,7,Plaza Paraíso a Estación del Atlántico,0,,,,,1
paraiso_atlantico_18:07,19:02:00,19:02:00,ULT,8,Plaza Paraíso a Estación del Atlántico,0,,,,,1
paraiso_atlantico_18:07,19:04:00,19:04:00,UCR,9,Plaza Paraíso a Estación del Atlántico,0,,,,,1
paraiso_atlantico_18:07,19:09:00,19:09:00,ATL,10,Plaza Paraíso a Estación del Atlántico,0,,,,,1
paraiso_atlantico_18:35,18:35:00,18:35:00,PPA,1,Plaza Paraíso a Estación del Atlántico,0,,,,,1
paraiso_atlantico_18:35,18:41:00,18:41:00,ORE,2,Plaza Paraíso a Estación del Atlántico,0,,,,,1
paraiso_atlantico_18:35,18:43:00,18:43:00,ANG,3,Plaza Paraíso a Estación del Atlántico,0,,,,,1
paraiso_atlantico_18:35,18:50:00,18:50:00,CGO,4,Plaza Paraíso a Estación del Atlántico,0,,,,,1
paraiso_atlantico_18:35,19:13:00,19:13:00,3RI,5,Plaza Paraíso a Estación del Atlántico,0,,,,,1
paraiso_atlantico_18:35,19:22:00,19:22:00,UAC,6,Plaza Paraíso a Estación del Atlántico,0,,,,,1
paraiso_atlantico_18:35,19:27:00,19:27:00,CFI,7,Plaza Paraíso a Estación del Atlántico,0,,,,,1
paraiso_atlantico_18:35,19:29:00,19:29:00,ULT,8,Plaza Paraíso a Estación del Atlántico,0,,,,,1
paraiso_atlantico_18:35,19:32:00,19:32:00,UCR,9,Plaza Paraíso a Estación del Atlántico,0,,,,,1
paraiso_atlantico_18:35,19:36:00,19:36:00,ATL,10,Plaza Paraíso a Estación del Atlántico,0,,,,,1
oreamuno_atlantico_18:58,18:58:00,18:58:00,ORE,1,Oreamuno a Estación del Atlántico,0,,,,,1
oreamuno_atlantico_18:58,19:00:00,19:00:00,ANG,2,Oreamuno a Estación del Atlántico,0,,,,,1
oreamuno_atlantico_18:58,19:08:00,19:08:00,CGO,3,Oreamuno a Estación del Atlántico,0,,,,,1
oreamuno_atlantico_18:58,19:32:00,19:32:00,3RI,4,Oreamuno a Estación del Atlántico,0,,,,,1
oreamuno_atlantico_18:58,19:42:00,19:42:00,UAC,5,Oreamuno a Estación del Atlántico,0,,,,,1
oreamuno_atlantico_18:58,19:49:00,19:49:00,CFI,6,Oreamuno a Estación del Atlántico,0,,,,,1
oreamuno_atlantico_18:58,19:52:00,19:52:00,ULT,7,Oreamuno a Estación del Atlántico,0,,,,,1
oreamuno_atlantico_18:58,19:54:00,19:54:00,UCR,8,Oreamuno a Estación del Atlántico,0,,,,,1
oreamuno_atlantico_18:58,19:58:00,19:58:00,ATL,9,Oreamuno a Estación del Atlántico,0,,,,,1
atlantico_alajuela_04:50,04:50:00,04:50:00,ATL,1,Estación del Atlántico a Alajuela,0,,,,,1
atlantico_alajuela_04:50,04:54:00,04:54:00,CBL,2,Estación del Atlántico a Alajuela,0,,,,,1
atlantico_alajuela_04:50,04:59:00,04:59:00,CLM,3,Estación del Atlántico a Alajuela,0,,,,,1
atlantico_alajuela_04:50,05:04:00,05:04:00,ROS,4,Estación del Atlántico a Alajuela,0,,,,,1
atlantico_alajuela_04:50,05:09:00,05:09:00,MFL,5,Estación del Atlántico a Alajuela,0,,,,,1
atlantico_alajuela_04:50,05:12:00,05:12:00,HER,6,Estación del Atlántico a Alajuela,0,,,,,1
atlantico_alajuela_04:50,05:15:00,05:15:00,SFR,7,Estación del Atlántico a Alajuela,0,,,,,1
atlantico_alajuela_04:50,05:21:00,05:21:00,JOQ,8,Estación del Atlántico a Alajuela,0,,,,,1
atlantico_alajuela_04:50,05:30:00,05:30:00,RIO,9,Estación del Atlántico a Alajuela,0,,,,,1
atlantico_alajuela_04:50,05:33:00,05:33:00,SJO,10,Estación del Atlántico a Alajuela,0,,,,,1
atlantico_alajuela_04:50,05:38:00,05:38:00,ALJ,11,Estación del Atlántico a Alajuela,0,,,,,1
atlantico_heredia_05:30,05:30:00,05:30:00,ATL,1,Estación del Atlántico a Heredia,0,,,,,1
atlantico_heredia_05:30,05:33:00,05:33:00,CBL,2,Estación del Atlántico a Heredia,0,,,,,1
atlantico_heredia_05:30,05:38:00,05:38:00,CLM,3,Estación del Atlántico a Heredia,0,,,,,1
atlantico_heredia_05:30,05:44:00,05:44:00,ROS,4,Estación del Atlántico a Heredia,0,,,,,1
atlantico_heredia_05:30,05:48:00,05:48:00,MFL,5,Estación del Atlántico a Heredia,0,,,,,1
atlantico_heredia_05:30,05:52:00,05:52:00,HER,6,Estación del Atlántico a Heredia,0,,,,,1
atlantico_heredia_05:40,05:40:00,05:40:00,ATL,1,Estación del Atlántico a Heredia,0,,,,,1
atlantico_heredia_05:40,05:43:00,05:43:00,CBL,2,Estación del Atlántico a Heredia,0,,,,,1
atlantico_heredia_05:40,05:48:00,05:48:00,CLM,3,Estación del Atlántico a Heredia,0,,,,,1
atlantico_heredia_05:40,05:52:00,05:52:00,ROS,4,Estación del Atlántico a Heredia,0,,,,,1
atlantico_heredia_05:40,05:56:00,05:56:00,MFL,5,Estación del Atlántico a Heredia,0,,,,,1
atlantico_heredia_05:40,05:59:00,05:59:00,HER,6,Estación del Atlántico a Heredia,0,,,,,1
ulatina_heredia_05:50,05:50:00,05:50:00,ULT,1,ULatina a Heredia,0,,,,,1
ulatina_heredia_05:50,05:53:00,05:53:00,UCR,2,ULatina a Heredia,0,,,,,1
ulatina_heredia_05:50,06:05:00,06:05:00,ATL,3,ULatina a Heredia,0,,,,,1
ulatina_heredia_05:50,06:08:00,06:08:00,CBL,4,ULatina a Heredia,0,,,,,1
ulatina_heredia_05:50,06:14:00,06:14:00,CLM,5,ULatina a Heredia,0,,,,,1
ulatina_heredia_05:50,06:19:00,06:19:00,ROS,6,ULatina a Heredia,0,,,,,1
ulatina_heredia_05:50,06:29:00,06:29:00,MFL,7,ULatina a Heredia,0,,,,,1
ulatina_heredia_05:50,06:32:00,06:32:00,HER,8,ULatina a Heredia,0,,,,,1
atlantico_heredia_06:25,06:25:00,06:25:00,ATL,1,Estación del Atlántico a Heredia,0,,,,,1
atlantico_heredia_06:25,06:30:00,06:30:00,CBL,2,Estación del Atlántico a Heredia,0,,,,,1
atlantico_heredia_06:25,06:35:00,06:35:00,CLM,3,Estación del Atlántico a Heredia,0,,,,,1
atlantico_heredia_06:25,06:40:00,06:40:00,ROS,4,Estación del Atlántico a Heredia,0,,,,,1
atlantico_heredia_06:25,06:45:00,06:45:00,MFL,5,Estación del Atlántico a Heredia,0,,,,,1
atlantico_heredia_06:25,06:48:00,06:48:00,HER,6,Estación del Atlántico a Heredia,0,,,,,1
atlantico_alajuela_06:39,06:39:00,06:39:00,ATL,1,Estación del Atlántico a Alajuela,0,,,,,1
atlantico_alajuela_06:39,06:42:00,06:42:00,CBL,2,Estación del Atlántico a Alajuela,0,,,,,1
atlantico_alajuela_06:39,06:50:00,06:50:00,CLM,3,Estación del Atlántico a Alajuela,0,,,,,1
atlantico_alajuela_06:39,06:55:00,06:55:00,ROS,4,Estación del Atlántico a Alajuela,0,,,,,1
atlantico_alajuela_06:39,07:05:00,07:05:00,MFL,5,Estación del Atlántico a Alajuela,0,,,,,1
atlantico_alajuela_06:39,07:08:00,07:08:00,HER,6,Estación del Atlántico a Alajuela,0,,,,,1
atlantico_alajuela_06:39,07:11:00,07:11:00,SFR,7,Estación del Atlántico a Alajuela,0,,,,,1
atlantico_alajuela_06:39,07:17:00,07:17:00,JOQ,8,Estación del Atlántico a Alajuela,0,,,,,1
atlantico_alajuela_06:39,07:26:00,07:26:00,RIO,9,Estación del Atlántico a Alajuela,0,,,,,1
atlantico_alajuela_06:39,07:29:00,07:29:00,SJO,10,Estación del Atlántico a Alajuela,0,,,,,1
atlantico_alajuela_06:39,07:34:00,07:34:00,ALJ,11,Estación del Atlántico a Alajuela,0,,,,,1
atlantico_heredia_06:55,06:55:00,06:55:00,ATL,1,Estación del Atlántico a Heredia,0,,,,,1
atlantico_heredia_06:55,06:59:00,06:59:00,CBL,2,Estación del Atlántico a Heredia,0,,,,,1
atlantico_heredia_06:55,07:04:00,07:04:00,CLM,3,Estación del Atlántico a Heredia,0,,,,,1
atlantico_heredia_06:55,07:09:00,07:09:00,ROS,4,Estación del Atlántico a Heredia,0,,,,,1
atlantico_heredia_06:55,07:14:00,07:14:00,MFL,5,Estación del Atlántico a Heredia,0,,,,,1
atlantico_heredia_06:55,07:17:00,07:17:00,HER,6,Estación del Atlántico a Heredia,0,,,,,1
ulatina_heredia_07:11,07:11:00,07:11:00,ULT,1,ULatina a Heredia,0,,,,,1
ulatina_heredia_07:11,07:13:00,07:13:00,UCR,2,ULatina a Heredia,0,,,,,1
ulatina_heredia_07:11,07:25:00,07:25:00,ATL,3,ULatina a Heredia,0,,,,,1
ulatina_heredia_07:11,07:28:00,07:28:00,CBL,4,ULatina a Heredia,0,,,,,1
ulatina_heredia_07:11,07:33:00,07:33:00,CLM,5,ULatina a Heredia,0,,,,,1
ulatina_heredia_07:11,07:39:00,07:39:00,ROS,6,ULatina a Heredia,0,,,,,1
ulatina_heredia_07:11,07:43:00,07:43:00,MFL,7,ULatina a Heredia,0,,,,,1
ulatina_heredia_07:11,07:47:00,07:47:00,HER,8,ULatina a Heredia,0,,,,,1
atlantico_alajuela_07:35,07:35:00,07:35:00,ATL,1,Estación del Atlántico a Alajuela,0,,,,,1
atlantico_alajuela_07:35,07:39:00,07:39:00,CBL,2,Estación del Atlántico a Alajuela,0,,,,,1
atlantico_alajuela_07:35,07:44:00,07:44:00,CLM,3,Estación del Atlántico a Alajuela,0,,,,,1
atlantico_alajuela_07:35,07:49:00,07:49:00,ROS,4,Estación del Atlántico a Alajuela,0,,,,,1
atlantico_alajuela_07:35,07:59:00,07:59:00,MFL,5,Estación del Atlántico a Alajuela,0,,,,,1
atlantico_alajuela_07:35,08:02:00,08:02:00,HER,6,Estación del Atlántico a Alajuela,0,,,,,1
atlantico_alajuela_07:35,08:05:00,08:05:00,SFR,7,Estación del Atlántico a Alajuela,0,,,,,1
atlantico_alajuela_07:35,08:11:00,08:11:00,JOQ,8,Estación del Atlántico a Alajuela,0,,,,,1
atlantico_alajuela_07:35,08:20:00,08:20:00,RIO,9,Estación del Atlántico a Alajuela,0,,,,,1
atlantico_alajuela_07:35,08:23:00,08:23:00,SJO,10,Estación del Atlántico a Alajuela,0,,,,,1
atlantico_alajuela_07:35,08:28:00,08:28:00,ALJ,11,Estación del Atlántico a Alajuela,0,,,,,1
atlantico_heredia_07:55,07:55:00,07:55:00,ATL,1,Estación del Atlántico a Heredia,0,,,,,1
atlantico_heredia_07:55,07:59:00,07:59:00,CBL,2,Estación del Atlántico a Heredia,0,,,,,1
atlantico_heredia_07:55,08:04:00,08:04:00,CLM,3,Estación del Atlántico a Heredia,0,,,,,1
atlantico_heredia_07:55,08:09:00,08:09:00,ROS,4,Estación del Atlántico a Heredia,0,,,,,1
atlantico_heredia_07:55,08:16:00,08:16:00,MFL,5,Estación del Atlántico a Heredia,0,,,,,1
atlantico_heredia_07:55,08:19:00,08:19:00,HER,6,Estación del Atlántico a Heredia,0,,,,,1
atlantico_heredia_08:15,08:15:00,08:15:00,ATL,1,Estación del Atlántico a Heredia,0,,,,,1
atlantico_heredia_08:15,08:19:00,08:19:00,CBL,2,Estación del Atlántico a Heredia,0,,,,,1
atlantico_heredia_08:15,08:24:00,08:24:00,CLM,3,Estación del Atlántico a Heredia,0,,,,,1
atlantico_heredia_08:15,08:30:00,08:30:00,ROS,4,Estación del Atlántico a Heredia,0,,,,,1
atlantico_heredia_08:15,08:34:00,08:34:00,MFL,5,Estación del Atlántico a Heredia,0,,,,,1
atlantico_heredia_08:15,08:38:00,08:38:00,HER,6,Estación del Atlántico a Heredia,0,,,,,1
atlantico_heredia_09:05,09:05:00,09:05:00,ATL,1,Estación del Atlántico a Heredia,0,,,,,1
atlantico_heredia_09:05,09:09:00,09:09:00,CBL,2,Estación del Atlántico a Heredia,0,,,,,1
atlantico_heredia_09:05,09:15:00,09:15:00,CLM,3,Estación del Atlántico a Heredia,0,,,,,1
atlantico_heredia_09:05,09:20:00,09:20:00,ROS,4,Estación del Atlántico a Heredia,0,,,,,1
atlantico_heredia_09:05,09:25:00,09:25:00,MFL,5,Estación del Atlántico a Heredia,0,,,,,1
atlantico_heredia_09:05,09:28:00,09:28:00,HER,6,Estación del Atlántico a Heredia,0,,,,,1
atlantico_alajuela_15:30,15:30:00,15:30:00,ATL,1,Estación del Atlántico a Alajuela,0,,,,,1
atlantico_alajuela_15:30,15:33:00,15:33:00,CBL,2,Estación del Atlántico a Alajuela,0,,,,,1
atlantico_alajuela_15:30,15:38:00,15:38:00,CLM,3,Estación del Atlántico a Alajuela,0,,,,,1
atlantico_alajuela_15:30,15:44:00,15:44:00,ROS,4,Estación del Atlántico a Alajuela,0,,,,,1
atlantico_alajuela_15:30,15:48:00,15:48:00,MFL,5,Estación del Atlántico a Alajuela,0,,,,,1
atlantico_alajuela_15:30,15:52:00,15:52:00,HER,6,Estación del Atlántico a Alajuela,0,,,,,1
atlantico_alajuela_15:30,15:55:00,15:55:00,SFR,7,Estación del Atlántico a Alajuela,0,,,,,1
atlantico_alajuela_15:30,16:01:00,16:01:00,JOQ,8,Estación del Atlántico a Alajuela,0,,,,,1
atlantico_alajuela_15:30,16:09:00,16:09:00,RIO,9,Estación del Atlántico a Alajuela,0,,,,,1
atlantico_alajuela_15:30,16:13:00,16:13:00,SJO,10,Estación del Atlántico a Alajuela,0,,,,,1
atlantico_alajuela_15:30,16:18:00,16:18:00,ALJ,11,Estación del Atlántico a Alajuela,0,,,,,1
atlantico_heredia_15:50,15:50:00,15:50:00,ATL,1,Estación del Atlántico a Heredia,0,,,,,1
atlantico_heredia_15:50,15:54:00,15:54:00,CBL,2,Estación del Atlántico a Heredia,0,,,,,1
atlantico_heredia_15:50,15:59:00,15:59:00,CLM,3,Estación del Atlántico a Heredia,0,,,,,1
atlantico_heredia_15:50,16:04:00,16:04:00,ROS,4,Estación del Atlántico a Heredia,0,,,,,1
atlantico_heredia_15:50,16:09:00,16:09:00,MFL,5,Estación del Atlántico a Heredia,0,,,,,1
atlantico_heredia_15:50,16:12:00,16:12:00,HER,6,Estación del Atlántico a Heredia,0,,,,,1
atlantico_heredia_16:30,16:30:00,16:30:00,ATL,1,Estación del Atlántico a Heredia,0,,,,,1
atlantico_heredia_16:30,16:34:00,16:34:00,CBL,2,Estación del Atlántico a Heredia,0,,,,,1
atlantico_heredia_16:30,16:39:00,16:39:00,CLM,3,Estación del Atlántico a Heredia,0,,,,,1
atlantico_heredia_16:30,16:44:00,16:44:00,ROS,4,Estación del Atlántico a Heredia,0,,,,,1
atlantico_heredia_16:30,16:49:00,16:49:00,MFL,5,Estación del Atlántico a Heredia,0,,,,,1
atlantico_heredia_16:30,16:52:00,16:52:00,HER,6,Estación del Atlántico a Heredia,0,,,,,1
ulatina_heredia_16:50,16:50:00,16:50:00,ULT,1,ULatina a Heredia,0,,,,,1
ulatina_heredia_16:50,16:52:00,16:52:00,UCR,2,ULatina a Heredia,0,,,,,1
ulatina_heredia_16:50,17:05:00,17:05:00,ATL,3,ULatina a Heredia,0,,,,,1
ulatina_heredia_16:50,17:11:00,17:11:00,CBL,4,ULatina a Heredia,0,,,,,1
ulatina_heredia_16:50,17:19:00,17:19:00,CLM,5,ULatina a Heredia,0,,,,,1
ulatina_heredia_16:50,17:25:00,17:25:00,ROS,6,ULatina a Heredia,0,,,,,1
ulatina_heredia_16:50,17:29:00,17:29:00,MFL,7,ULatina a Heredia,0,,,,,1
ulatina_heredia_16:50,17:33:00,17:33:00,HER,8,ULatina a Heredia,0,,,,,1
atlantico_heredia_17:20,17:20:00,17:20:00,ATL,1,Estación del Atlántico a Heredia,0,,,,,1
atlantico_heredia_17:20,17:24:00,17:24:00,CBL,2,Estación del Atlántico a Heredia,0,,,,,1
atlantico_heredia_17:20,17:29:00,17:29:00,CLM,3,Estación del Atlántico a Heredia,0,,,,,1
atlantico_heredia_17:20,17:34:00,17:34:00,ROS,4,Estación del Atlántico a Heredia,0,,,,,1
atlantico_heredia_17:20,17:44:00,17:44:00,MFL,5,Estación del Atlántico a Heredia,0,,,,,1
atlantico_heredia_17:20,17:47:00,17:47:00,HER,6,Estación del Atlántico a Heredia,0,,,,,1
atlantico_alajuela_17:35,17:35:00,17:35:00,ATL,1,Estación del Atlántico a Alajuela,0,,,,,1
atlantico_alajuela_17:35,17:39:00,17:39:00,CBL,2,Estación del Atlántico a Alajuela,0,,,,,1
atlantico_alajuela_17:35,17:48:00,17:48:00,CLM,3,Estación del Atlántico a Alajuela,0,,,,,1
atlantico_alajuela_17:35,17:54:00,17:54:00,ROS,4,Estación del Atlántico a Alajuela,0,,,,,1
atlantico_alajuela_17:35,17:59:00,17:59:00,MFL,5,Estación del Atlántico a Alajuela,0,,,,,1
atlantico_alajuela_17:35,18:02:00,18:02:00,HER,6,Estación del Atlántico a Alajuela,0,,,,,1
atlantico_alajuela_17:35,18:05:00,18:05:00,SFR,7,Estación del Atlántico a Alajuela,0,,,,,1
atlantico_alajuela_17:35,18:11:00,18:11:00,JOQ,8,Estación del Atlántico a Alajuela,0,,,,,1
atlantico_alajuela_17:35,18:20:00,18:20:00,RIO,9,Estación del Atlántico a Alajuela,0,,,,,1
atlantico_alajuela_17:35,18:23:00,18:23:00,SJO,10,Estación del Atlántico a Alajuela,0,,,,,1
atlantico_alajuela_17:35,18:28:00,18:28:00,ALJ,11,Estación del Atlántico a Alajuela,0,,,,,1
atlantico_heredia_18:01,18:01:00,18:01:00,ATL,1,Estación del Atlántico a Heredia,0,,,,,1
atlantico_heredia_18:01,18:09:00,18:09:00,CBL,2,Estación del Atlántico a Heredia,0,,,,,1
atlantico_heredia_18:01,18:14:00,18:14:00,CLM,3,Estación del Atlántico a Heredia,0,,,,,1
atlantico_heredia_18:01,18:19:00,18:19:00,ROS,4,Estación del Atlántico a Heredia,0,,,,,1
atlantico_heredia_18:01,18:24:00,18:24:00,MFL,5,Estación del Atlántico a Heredia,0,,,,,1
atlantico_heredia_18:01,18:27:00,18:27:00,HER,6,Estación del Atlántico a Heredia,0,,,,,1
ulatina_heredia_18:08,18:08:00,18:08:00,ULT,1,ULatina a Heredia,0,,,,,1
ulatina_heredia_18:08,18:10:00,18:10:00,UCR,2,ULatina a Heredia,0,,,,,1
ulatina_heredia_18:08,18:20:00,18:20:00,ATL,3,ULatina a Heredia,0,,,,,1
ulatina_heredia_18:08,18:24:00,18:24:00,CBL,4,ULatina a Heredia,0,,,,,1
ulatina_heredia_18:08,18:29:00,18:29:00,CLM,5,ULatina a Heredia,0,,,,,1
ulatina_heredia_18:08,18:34:00,18:34:00,ROS,6,ULatina a Heredia,0,,,,,1
ulatina_heredia_18:08,18:44:00,18:44:00,MFL,7,ULatina a Heredia,0,,,,,1
ulatina_heredia_18:08,18:47:00,18:47:00,HER,8,ULatina a Heredia,0,,,,,1
atlantico_heredia_18:35,18:35:00,18:35:00,ATL,1,Estación del Atlántico a Heredia,0,,,,,1
atlantico_heredia_18:35,18:39:00,18:39:00,CBL,2,Estación del Atlántico a Heredia,0,,,,,1
atlantico_heredia_18:35,18:49:00,18:49:00,CLM,3,Estación del Atlántico a Heredia,0,,,,,1
atlantico_heredia_18:35,18:54:00,18:54:00,ROS,4,Estación del Atlántico a Heredia,0,,,,,1
atlantico_heredia_18:35,18:59:00,18:59:00,MFL,5,Estación del Atlántico a Heredia,0,,,,,1
atlantico_heredia_18:35,19:02:00,19:02:00,HER,6,Estación del Atlántico a Heredia,0,,,,,1
atlantico_heredia_19:05,19:05:00,19:05:00,ATL,1,Estación del Atlántico a Heredia,0,,,,,1
atlantico_heredia_19:05,19:09:00,19:09:00,CBL,2,Estación del Atlántico a Heredia,0,,,,,1
atlantico_heredia_19:05,19:15:00,19:15:00,CLM,3,Estación del Atlántico a Heredia,0,,,,,1
atlantico_heredia_19:05,19:20:00,19:20:00,ROS,4,Estación del Atlántico a Heredia,0,,,,,1
atlantico_heredia_19:05,19:25:00,19:25:00,MFL,5,Estación del Atlántico a Heredia,0,,,,,1
atlantico_heredia_19:05,19:28:00,19:28:00,HER,6,Estación del Atlántico a Heredia,0,,,,,1
atlantico_heredia_19:30,19:30:00,19:30:00,ATL,1,Estación del Atlántico a Heredia,0,,,,,1
atlantico_heredia_19:30,19:34:00,19:34:00,CBL,2,Estación del Atlántico a Heredia,0,,,,,1
atlantico_heredia_19:30,19:44:00,19:44:00,CLM,3,Estación del Atlántico a Heredia,0,,,,,1
atlantico_heredia_19:30,19:49:00,19:49:00,ROS,4,Estación del Atlántico a Heredia,0,,,,,1
atlantico_heredia_19:30,19:54:00,19:54:00,MFL,5,Estación del Atlántico a Heredia,0,,,,,1
atlantico_heredia_19:30,19:57:00,19:57:00,HER,6,Estación del Atlántico a Heredia,0,,,,,1
heredia_atlantico_06:01,06:01:00,06:01:00,HER,1,Heredia a Estación del Atlántico,0,,,,,1
heredia_atlantico_06:01,06:04:00,06:04:00,MFL,2,Heredia a Estación del Atlántico,0,,,,,1
heredia_atlantico_06:01,06:09:00,06:09:00,ROS,3,Heredia a Estación del Atlántico,0,,,,,1
heredia_atlantico_06:01,06:14:00,06:14:00,CLM,4,Heredia a Estación del Atlántico,0,,,,,1
heredia_atlantico_06:01,06:19:00,06:19:00,CBL,5,Heredia a Estación del Atlántico,0,,,,,1
heredia_atlantico_06:01,06:23:00,06:23:00,ATL,6,Heredia a Estación del Atlántico,0,,,,,1
alajuela_atlantico_05:45,05:45:00,05:45:00,ALJ,1,Alajuela a Estación del Atlántico,0,,,,,1
alajuela_atlantico_05:45,05:50:00,05:50:00,SJO,2,Alajuela a Estación del Atlántico,0,,,,,1
alajuela_atlantico_05:45,05:53:00,05:53:00,RIO,3,Alajuela a Estación del Atlántico,0,,,,,1
alajuela_atlantico_05:45,06:02:00,06:02:00,JOQ,4,Alajuela a Estación del Atlántico,0,,,,,1
alajuela_atlantico_05:45,06:08:00,06:08:00,SFR,5,Alajuela a Estación del Atlántico,0,,,,,1
alajuela_atlantico_05:45,06:11:00,06:11:00,HER,6,Alajuela a Estación del Atlántico,0,,,,,1
alajuela_atlantico_05:45,06:14:00,06:14:00,MFL,7,Alajuela a Estación del Atlántico,0,,,,,1
alajuela_atlantico_05:45,06:19:00,06:19:00,ROS,8,Alajuela a Estación del Atlántico,0,,,,,1
alajuela_atlantico_05:45,06:24:00,06:24:00,CLM,9,Alajuela a Estación del Atlántico,0,,,,,1
alajuela_atlantico_05:45,06:29:00,06:29:00,CBL,10,Alajuela a Estación del Atlántico,0,,,,,1
alajuela_atlantico_05:45,06:33:00,06:33:00,ATL,11,Alajuela a Estación del Atlántico,0,,,,,1
heredia_atlantico_06:20,06:20:00,06:20:00,HER,1,Heredia a Estación del Atlántico,0,,,,,1
heredia_atlantico_06:20,06:23:00,06:23:00,MFL,2,Heredia a Estación del Atlántico,0,,,,,1
heredia_atlantico_06:20,06:28:00,06:28:00,ROS,3,Heredia a Estación del Atlántico,0,,,,,1
heredia_atlantico_06:20,06:35:00,06:35:00,CLM,4,Heredia a Estación del Atlántico,0,,,,,1
heredia_atlantico_06:20,06:42:00,06:42:00,CBL,5,Heredia a Estación del Atlántico,0,,,,,1
heredia_atlantico_06:20,06:46:00,06:46:00,ATL,6,Heredia a Estación del Atlántico,0,,,,,1
heredia_ulatina_06:35,06:35:00,06:35:00,HER,1,Heredia a ULatina,0,,,,,1
heredia_ulatina_06:35,06:39:00,06:39:00,MFL,2,Heredia a ULatina,0,,,,,1
heredia_ulatina_06:35,06:44:00,06:44:00,ROS,3,Heredia a ULatina,0,,,,,1
heredia_ulatina_06:35,06:50:00,06:50:00,CLM,4,Heredia a ULatina,0,,,,,1
heredia_ulatina_06:35,06:58:00,06:58:00,CBL,5,Heredia a ULatina,0,,,,,1
heredia_ulatina_06:35,07:02:00,07:02:00,ATL,6,Heredia a ULatina,0,,,,,1
heredia_ulatina_06:35,07:06:00,07:06:00,UCR,7,Heredia a ULatina,0,,,,,1
heredia_ulatina_06:35,07:09:00,07:09:00,ULT,8,Heredia a ULatina,0,,,,,1
heredia_atlantico_06:55,06:55:00,06:55:00,HER,1,Heredia a Estación del Atlántico,0,,,,,1
heredia_atlantico_06:55,06:58:00,06:58:00,MFL,2,Heredia a Estación del Atlántico,0,,,,,1
heredia_atlantico_06:55,07:08:00,07:08:00,ROS,3,Heredia a Estación del Atlántico,0,,,,,1
heredia_atlantico_06:55,07:13:00,07:13:00,CLM,4,Heredia a Estación del Atlántico,0,,,,,1
heredia_atlantico_06:55,07:18:00,07:18:00,CBL,5,Heredia a Estación del Atlántico,0,,,,,1
heredia_atlantico_06:55,07:22:00,07:22:00,ATL,6,Heredia a Estación del Atlántico,0,,,,,1
heredia_atlantico_07:20,07:20:00,07:20:00,HER,1,Heredia a Estación del Atlántico,0,,,,,1
heredia_atlantico_07:20,07:23:00,07:23:00,MFL,2,Heredia a Estación del Atlántico,0,,,,,1
heredia_atlantico_07:20,07:28:00,07:28:00,ROS,3,Heredia a Estación del Atlántico,0,,,,,1
heredia_atlantico_07:20,07:34:00,07:34:00,CLM,4,Heredia a Estación del Atlántico,0,,,,,1
heredia_atlantico_07:20,07:39:00,07:39:00,CBL,5,Heredia a Estación del Atlántico,0,,,,,1
heredia_atlantico_07:20,07:42:00,07:42:00,ATL,6,Heredia a Estación del Atlántico,0,,,,,1
heredia_atlantico_07:50,07:50:00,07:50:00,HER,1,Heredia a Estación del Atlántico,0,,,,,1
heredia_atlantico_07:50,07:53:00,07:53:00,MFL,2,Heredia a Estación del Atlántico,0,,,,,1
heredia_atlantico_07:50,07:58:00,07:58:00,ROS,3,Heredia a Estación del Atlántico,0,,,,,1
heredia_atlantico_07:50,08:04:00,08:04:00,CLM,4,Heredia a Estación del Atlántico,0,,,,,1
heredia_atlantico_07:50,08:09:00,08:09:00,CBL,5,Heredia a Estación del Atlántico,0,,,,,1
heredia_atlantico_07:50,08:13:00,08:13:00,ATL,6,Heredia a Estación del Atlántico,0,,,,,1
alajuela_atlantico_07:40,07:40:00,07:40:00,ALJ,1,Alajuela a Estación del Atlántico,0,,,,,1
alajuela_atlantico_07:40,07:45:00,07:45:00,SJO,2,Alajuela a Estación del Atlántico,0,,,,,1
alajuela_atlantico_07:40,07:48:00,07:48:00,RIO,3,Alajuela a Estación del Atlántico,0,,,,,1
alajuela_atlantico_07:40,07:56:00,07:56:00,JOQ,4,Alajuela a Estación del Atlántico,0,,,,,1
alajuela_atlantico_07:40,08:05:00,08:05:00,SFR,5,Alajuela a Estación del Atlántico,0,,,,,1
alajuela_atlantico_07:40,08:08:00,08:08:00,HER,6,Alajuela a Estación del Atlántico,0,,,,,1
alajuela_atlantico_07:40,08:11:00,08:11:00,MFL,7,Alajuela a Estación del Atlántico,0,,,,,1
alajuela_atlantico_07:40,08:16:00,08:16:00,ROS,8,Alajuela a Estación del Atlántico,0,,,,,1
alajuela_atlantico_07:40,08:24:00,08:24:00,CLM,9,Alajuela a Estación del Atlántico,0,,,,,1
alajuela_atlantico_07:40,08:29:00,08:29:00,CBL,10,Alajuela a Estación del Atlántico,0,,,,,1
alajuela_atlantico_07:40,08:33:00,08:33:00,ATL,11,Alajuela a Estación del Atlántico,0,,,,,1
heredia_atlantico_08:25,08:25:00,08:25:00,HER,1,Heredia a Estación del Atlántico,0,,,,,1
heredia_atlantico_08:25,08:28:00,08:28:00,MFL,2,Heredia a Estación del Atlántico,0,,,,,1
heredia_atlantico_08:25,08:35:00,08:35:00,ROS,3,Heredia a Estación del Atlántico,0,,,,,1
heredia_atlantico_08:25,08:40:00,08:40:00,CLM,4,Heredia a Estación del Atlántico,0,,,,,1
heredia_atlantico_08:25,08:45:00,08:45:00,CBL,5,Heredia a Estación del Atlántico,0,,,,,1
heredia_atlantico_08:25,08:49:00,08:49:00,ATL,6,Heredia a Estación del Atlántico,0,,,,,1
heredia_atlantico_08:40,08:40:00,08:40:00,HER,1,Heredia a Estación del Atlántico,0,,,,,1
heredia_atlantico_08:40,08:43:00,08:43:00,MFL,2,Heredia a Estación del Atlántico,0,,,,,1
heredia_atlantico_08:40,08:48:00,08:48:00,ROS,3,Heredia a Estación del Atlántico,0,,,,,1
heredia_atlantico_08:40,08:53:00,08:53:00,CLM,4,Heredia a Estación del Atlántico,0,,,,,1
heredia_atlantico_08:40,08:59:00,08:59:00,CBL,5,Heredia a Estación del Atlántico,0,,,,,1
heredia_atlantico_08:40,09:02:00,09:02:00,ATL,6,Heredia a Estación del Atlántico,0,,,,,1
alajuela_atlantico_08:31,08:31:00,08:31:00,ALJ,1,Alajuela a Estación del Atlántico,0,,,,,1
alajuela_atlantico_08:31,08:36:00,08:36:00,SJO,2,Alajuela a Estación del Atlántico,0,,,,,1
alajuela_atlantico_08:31,08:39:00,08:39:00,RIO,3,Alajuela a Estación del Atlántico,0,,,,,1
alajuela_atlantico_08:31,08:48:00,08:48:00,JOQ,4,Alajuela a Estación del Atlántico,0,,,,,1
alajuela_atlantico_08:31,08:54:00,08:54:00,SFR,5,Alajuela a Estación del Atlántico,0,,,,,1
alajuela_atlantico_08:31,08:57:00,08:57:00,HER,6,Alajuela a Estación del Atlántico,0,,,,,1
alajuela_atlantico_08:31,09:00:00,09:00:00,MFL,7,Alajuela a Estación del Atlántico,0,,,,,1
alajuela_atlantico_08:31,09:05:00,09:05:00,ROS,8,Alajuela a Estación del Atlántico,0,,,,,1
alajuela_atlantico_08:31,09:15:00,09:15:00,CLM,9,Alajuela a Estación del Atlántico,0,,,,,1
alajuela_atlantico_08:31,09:20:00,09:20:00,CBL,10,Alajuela a Estación del Atlántico,0,,,,,1
alajuela_atlantico_08:31,09:24:00,09:24:00,ATL,11,Alajuela a Estación del Atlántico,0,,,,,1
heredia_atlantico_09:31,09:31:00,09:31:00,HER,1,Heredia a Estación del Atlántico,0,,,,,1
heredia_atlantico_09:31,09:34:00,09:34:00,MFL,2,Heredia a Estación del Atlántico,0,,,,,1
heredia_atlantico_09:31,09:39:00,09:39:00,ROS,3,Heredia a Estación del Atlántico,0,,,,,1
heredia_atlantico_09:31,09:44:00,09:44:00,CLM,4,Heredia a Estación del Atlántico,0,,,,,1
heredia_atlantico_09:31,09:49:00,09:49:00,CBL,5,Heredia a Estación del Atlántico,0,,,,,1
heredia_atlantico_09:31,09:53:00,09:53:00,ATL,6,Heredia a Estación del Atlántico,0,,,,,1
heredia_ulatina_16:15,16:15:00,16:15:00,HER,1,Heredia a ULatina,0,,,,,1
heredia_ulatina_16:15,16:18:00,16:18:00,MFL,2,Heredia a ULatina,0,,,,,1
heredia_ulatina_16:15,16:23:00,16:23:00,ROS,3,Heredia a ULatina,0,,,,,1
heredia_ulatina_16:15,16:28:00,16:28:00,CLM,4,Heredia a ULatina,0,,,,,1
heredia_ulatina_16:15,16:34:00,16:34:00,CBL,5,Heredia a ULatina,0,,,,,1
heredia_ulatina_16:15,16:40:00,16:40:00,ATL,6,Heredia a ULatina,0,,,,,1
heredia_ulatina_16:15,16:45:00,16:45:00,UCR,7,Heredia a ULatina,0,,,,,1
heredia_ulatina_16:15,16:47:00,16:47:00,ULT,8,Heredia a ULatina,0,,,,,1
alajuela_atlantico_16:25,16:25:00,16:25:00,ALJ,1,Alajuela a Estación del Atlántico,0,,,,,1
alajuela_atlantico_16:25,16:29:00,16:29:00,SJO,2,Alajuela a Estación del Atlántico,0,,,,,1
alajuela_atlantico_16:25,16:33:00,16:33:00,RIO,3,Alajuela a Estación del Atlántico,0,,,,,1
alajuela_atlantico_16:25,16:41:00,16:41:00,JOQ,4,Alajuela a Estación del Atlántico,0,,,,,1
alajuela_atlantico_16:25,16:47:00,16:47:00,SFR,5,Alajuela a Estación del Atlántico,0,,,,,1
alajuela_atlantico_16:25,16:52:00,16:52:00,HER,6,Alajuela a Estación del Atlántico,0,,,,,1
alajuela_atlantico_16:25,16:55:00,16:55:00,MFL,7,Alajuela a Estación del Atlántico,0,,,,,1
alajuela_atlantico_16:25,17:00:00,17:00:00,ROS,8,Alajuela a Estación del Atlántico,0,,,,,1
alajuela_atlantico_16:25,17:05:00,17:05:00,CLM,9,Alajuela a Estación del Atlántico,0,,,,,1
alajuela_atlantico_16:25,17:11:00,17:11:00,CBL,10,Alajuela a Estación del Atlántico,0,,,,,1
alajuela_atlantico_16:25,17:14:00,17:14:00,ATL,11,Alajuela a Estación del Atlántico,0,,,,,1
heredia_atlantico_17:05,17:05:00,17:05:00,HER,1,Heredia a Estación del Atlántico,0,,,,,1
heredia_atlantico_17:05,17:09:00,17:09:00,MFL,2,Heredia a Estación del Atlántico,0,,,,,1
heredia_atlantico_17:05,17:14:00,17:14:00,ROS,3,Heredia a Estación del Atlántico,0,,,,,1
heredia_atlantico_17:05,17:19:00,17:19:00,CLM,4,Heredia a Estación del Atlántico,0,,,,,1
heredia_atlantico_17:05,17:24:00,17:24:00,CBL,5,Heredia a Estación del Atlántico,0,,,,,1
heredia_atlantico_17:05,17:28:00,17:28:00,ATL,6,Heredia a Estación del Atlántico,0,,,,,1
heredia_ulatina_17:35,17:35:00,17:35:00,HER,1,Heredia a ULatina,0,,,,,1
heredia_ulatina_17:35,17:38:00,17:38:00,MFL,2,Heredia a ULatina,0,,,,,1
heredia_ulatina_17:35,17:43:00,17:43:00,ROS,3,Heredia a ULatina,0,,,,,1
heredia_ulatina_17:35,17:48:00,17:48:00,CLM,4,Heredia a ULatina,0,,,,,1
heredia_ulatina_17:35,17:53:00,17:53:00,CBL,5,Heredia a ULatina,0,,,,,1
heredia_ulatina_17:35,17:57:00,17:57:00,ATL,6,Heredia a ULatina,0,,,,,1
heredia_ulatina_17:35,18:03:00,18:03:00,UCR,7,Heredia a ULatina,0,,,,,1
heredia_ulatina_17:35,18:05:00,18:05:00,ULT,8,Heredia a ULatina,0,,,,,1
heredia_atlantico_17:50,17:50:00,17:50:00,HER,1,Heredia a Estación del Atlántico,0,,,,,1
heredia_atlantico_17:50,17:53:00,17:53:00,MFL,2,Heredia a Estación del Atlántico,0,,,,,1
heredia_atlantico_17:50,17:58:00,17:58:00,ROS,3,Heredia a Estación del Atlántico,0,,,,,1
heredia_atlantico_17:50,18:03:00,18:03:00,CLM,4,Heredia a Estación del Atlántico,0,,,,,1
heredia_atlantico_17:50,18:09:00,18:09:00,CBL,5,Heredia a Estación del Atlántico,0,,,,,1
heredia_atlantico_17:50,18:12:00,18:12:00,ATL,6,Heredia a Estación del Atlántico,0,,,,,1
heredia_atlantico_18:35,18:35:00,18:35:00,HER,1,Heredia a Estación del Atlántico,0,,,,,1
heredia_atlantico_18:35,18:39:00,18:39:00,MFL,2,Heredia a Estación del Atlántico,0,,,,,1
heredia_atlantico_18:35,18:44:00,18:44:00,ROS,3,Heredia a Estación del Atlántico,0,,,,,1
heredia_atlantico_18:35,18:49:00,18:49:00,CLM,4,Heredia a Estación del Atlántico,0,,,,,1
heredia_atlantico_18:35,18:54:00,18:54:00,CBL,5,Heredia a Estación del Atlántico,0,,,,,1
heredia_atlantico_18:35,18:58:00,18:58:00,ATL,6,Heredia a Estación del Atlántico,0,,,,,1
heredia_atlantico_18:50,18:50:00,18:50:00,HER,1,Heredia a Estación del Atlántico,0,,,,,1
heredia_atlantico_18:50,18:54:00,18:54:00,MFL,2,Heredia a Estación del Atlántico,0,,,,,1
heredia_atlantico_18:50,18:58:00,18:58:00,ROS,3,Heredia a Estación del Atlántico,0,,,,,1
heredia_atlantico_18:50,19:04:00,19:04:00,CLM,4,Heredia a Estación del Atlántico,0,,,,,1
heredia_atlantico_18:50,19:09:00,19:09:00,CBL,5,Heredia a Estación del Atlántico,0,,,,,1
heredia_atlantico_18:50,19:12:00,19:12:00,ATL,6,Heredia a Estación del Atlántico,0,,,,,1
alajuela_atlantico_18:35,18:35:00,18:35:00,ALJ,1,Alajuela a Estación del Atlántico,0,,,,,1
alajuela_atlantico_18:35,18:40:00,18:40:00,SJO,2,Alajuela a Estación del Atlántico,0,,,,,1
alajuela_atlantico_18:35,18:43:00,18:43:00,RIO,3,Alajuela a Estación del Atlántico,0,,,,,1
alajuela_atlantico_18:35,18:51:00,18:51:00,JOQ,4,Alajuela a Estación del Atlántico,0,,,,,1
alajuela_atlantico_18:35,18:57:00,18:57:00,SFR,5,Alajuela a Estación del Atlántico,0,,,,,1
alajuela_atlantico_18:35,19:02:00,19:02:00,HER,6,Alajuela a Estación del Atlántico,0,,,,,1
alajuela_atlantico_18:35,19:05:00,19:05:00,MFL,7,Alajuela a Estación del Atlántico,0,,,,,1
alajuela_atlantico_18:35,19:10:00,19:10:00,ROS,8,Alajuela a Estación del Atlántico,0,,,,,1
alajuela_atlantico_18:35,19:15:00,19:15:00,CLM,9,Alajuela a Estación del Atlántico,0,,,,,1
alajuela_atlantico_18:35,19:20:00,19:20:00,CBL,10,Alajuela a Estación del Atlántico,0,,,,,1
alajuela_atlantico_18:35,19:24:00,19:24:00,ATL,11,Alajuela a Estación del Atlántico,0,,,,,1
heredia_atlantico_19:15,19:15:00,19:15:00,HER,1,Heredia a Estación del Atlántico,0,,,,,1
heredia_atlantico_19:15,19:18:00,19:18:00,MFL,2,Heredia a Estación del Atlántico,0,,,,,1
heredia_atlantico_19:15,19:23:00,19:23:00,ROS,3,Heredia a Estación del Atlántico,0,,,,,1
heredia_atlantico_19:15,19:29:00,19:29:00,CLM,4,Heredia a Estación del Atlántico,0,,,,,1
heredia_atlantico_19:15,19:35:00,19:35:00,CBL,5,Heredia a Estación del Atlántico,0,,,,,1
heredia_atlantico_19:15,19:39:00,19:39:00,ATL,6,Heredia a Estación del Atlántico,0,,,,,1
heredia_atlantico_19:31,19:31:00,19:31:00,HER,1,Heredia a Estación del Atlántico,0,,,,,1
heredia_atlantico_19:31,19:34:00,19:34:00,MFL,2,Heredia a Estación del Atlántico,0,,,,,1
heredia_atlantico_19:31,19:39:00,19:39:00,ROS,3,Heredia a Estación del Atlántico,0,,,,,1
heredia_atlantico_19:31,19:44:00,19:44:00,CLM,4,Heredia a Estación del Atlántico,0,,,,,1
heredia_atlantico_19:31,19:50:00,19:50:00,CBL,5,Heredia a Estación del Atlántico,0,,,,,1
heredia_atlantico_19:31,19:53:00,19:53:00,ATL,6,Heredia a Estación del Atlántico,0,,,,,1
heredia_atlantico_20:01,20:01:00,20:01:00,HER,1,Heredia a Estación del Atlántico,0,,,,,1
heredia_atlantico_20:01,20:04:00,20:04:00,MFL,2,Heredia a Estación del Atlántico,0,,,,,1
heredia_atlantico_20:01,20:09:00,20:09:00,ROS,3,Heredia a Estación del Atlántico,0,,,,,1
heredia_atlantico_20:01,20:14:00,20:14:00,CLM,4,Heredia a Estación del Atlántico,0,,,,,1
heredia_atlantico_20:01,20:19:00,20:19:00,CBL,5,Heredia a Estación del Atlántico,0,,,,,1
heredia_atlantico_20:01,20:23:00,20:23:00,ATL,6,Heredia a Estación del Atlántico,0,,,,,1